zone,loksabha,assembly,mla,party,caste,votes,runner,runner_party
Tirhut,16. Vaishali,Paroo,Shankar Prasad,RJD,"Yadav
Votes - 95272

Runner Up- Madan Choudhry ( RLM )
Caste - Baniya
Votes - 66445

2nd Runner Up- Ashok Kumar Singh ( IND )
Caste - Rajput
Votes - 40661

3rd Runner Up- Ranjana Kumari ( JSP )
Caste - Bhumihar
Votes - 6825",95272,Madan Choudhry,RLM
Tirhut,15. Muzaffarpur,Gaighat,Komal Singh,JDU,"Rajput
Votes - 108104

Runner Up- Niranjan Roy ( RJD )
Caste - Yadav
Votes - 84687

2nd Runner Up- Ashok Kumar Singh ( JSP )
Caste - Rajput
Votes - 10790

3rd Runner Up- Subodh Kumar Singh ( IND )
Caste - Rajput
Votes - 6157",108104,Niranjan Roy,RJD
Tirhut,16. Vaishali,Minapur,Ajay Kumar,JDU,"Kushwaha
Votes - 113411

Runner Up- Rajeev Kumar Urf Munna Yadav ( RJD )
Caste - Yadav
Votes - 79173

2nd Runner Up- Tej Narayan Sahani ( JSP )
Caste - Mallah
Votes - 6633

3rd Runner Up- Kumar Pushpendra ( BSP )
Caste - SC (Ram)*
Votes - 3162",113411,Rajeev Kumar Urf Munna Yadav,RJD
Tirhut,16. Vaishali,Sahebganj,Raju Kumar Singh,BJP,"Rajput
Votes - 106322

Runner Up- Prithwinath Ray ( RJD )
Caste - Yadav
Votes - 92800

2nd Runner Up- Thakur Hari Kishore Singh ( JSP )
Caste - Rajput
Votes - 4197

3rd Runner Up- Vikky Kumar ( IND )
Caste - Unknown
Votes - 4187",106322,Prithwinath Ray,RJD
Tirhut,16. Vaishali,Kanti,Ajit Kumar,JDU,"Bhumihar
Votes - 117299

Runner Up- Mohammad Israil Mansuri ( RJD )
Caste - Minority
Votes - 91504

2nd Runner Up- Sudarshan Mishra ( JSP )
Caste - Bhumihar
Votes - 4251

3rd Runner Up- Suresh Kumar Gupta ( IND )
Caste - Bania
Votes - 2889",117299,Mohammad Israil Mansuri,RJD
Tirhut,15. Muzaffarpur,Muzaffarpur,Ranjan Kumar,BJP,"Bhumihar
Votes - 100477

Runner Up- Bijendra Chaudhary ( INC )
Caste - Kalwar
Votes - 67820

2nd Runner Up- Dr. A.K. Das ( JSP )
Caste - Kayasth
Votes - 10173

3rd Runner Up- Sanjay Kumar Kejriwal ( IND )
Caste - Marwari
Votes - 1651",100477,Bijendra Chaudhary,INC
Tirhut,15. Muzaffarpur,Bochaha (SC),Baby Kumari,LJP-R,"Dhobi
Votes - 108186

Runner Up- Amar Kumar Paswan ( RJD )
Caste - Dusadh
Votes - 87870

2nd Runner Up- Umesh Kumar Rajak ( JSP )
Caste - Dhobi
Votes - 5255

3rd Runner Up- Rajgeer Paswan ( BJKVP )
Caste - Dusadh
Votes - 3812",108186,Amar Kumar Paswan,RJD
Tirhut,16. Vaishali,Baruraj,Arun Kumar Singh,BJP,"Rajput
Votes - 96879

Runner Up- Rakesh Kumar ( VIP )
Caste - Yadav
Votes - 67827

2nd Runner Up- Hiralal Kharia ( JSP )
Caste - Kharia
Votes - 19935

3rd Runner Up- Awadhesh Kumar Gupta ( IND )
Caste - Bania
Votes - 4857",96879,Rakesh Kumar,VIP
Tirhut,15. Muzaffarpur,Sakra (SC),Aditya Kumar,JDU,"Pasi
Votes - 98723

Runner Up- Umesh Kumar Ram ( INC )
Caste - Ravidas
Votes - 83673

2nd Runner Up- Renu Kumari Urf Renu Paswan ( JSP )
Caste - Dusadh
Votes - 6414

3rd Runner Up- Sateesh Kumar ( IND )
Caste - Unknown
Votes - 3594",98723,Umesh Kumar Ram,INC
Tirhut,15. Muzaffarpur,Kurhani,Kedar Pd Gupta,BJP,"Kanu
Votes - 107811

Runner Up- Sunil Kumar Suman ( RJD )
Caste - Kushwaha
Votes - 98093

2nd Runner Up- Dharmendra Kumar ( IND )
Caste - Teli
Votes - 6733

3rd Runner Up- Mohammad Ali Irfan ( JSP )
Caste - Minority
Votes - 4075",107811,Sunil Kumar Suman,RJD
Tirhut,15. Muzaffarpur,Aurai,Rama Nishad,BJP,"Mallah
Votes - 104085

Runner Up- Bhogendra Sahni ( VIP )
Caste - Mallah
Votes - 46879

2nd Runner Up- Md. Aftab Alam ( ASP-Kanshi Ram )
Caste - Minority
Votes - 31430

3rd Runner Up- Akhilesh Kumar ( IND )
Caste - Unknown
Votes - 8915

4th Runner Up- Radha Raman ( JSP )
Caste - Bhumihar
Votes - 8705",104085,Bhogendra Sahni,VIP
Mithilanchal,14. Darbhanga,Alinagar,Maithili Thakur,BJP,"Brahmin
Votes - 84915

Runner Up- Binod Mishra ( RJD )
Caste - Brahmin
Votes - 73185

2nd Runner Up- Saifuddin Ahmed ( IND )
Caste - Minority
Votes - 2803

3rd Runner Up- Biplaw Kumar Choudhary ( JSP )
Caste - Brahmin
Votes - 2275",84915,Binod Mishra,RJD
Mithilanchal,14. Darbhanga,Bahadurpur,Madan Sahni,JDU,"Mallah
Votes - 96300

Runner Up- Bhola Yadav ( RJD )
Caste - Yadav
Votes - 84289

2nd Runner Up- Ram Chatur Sahni ( IND )
Caste - Mallah
Votes - 6312

3rd Runner Up- Mohammad Amir Haider ( JSP )
Caste - Minority
Votes - 5579",96300,Bhola Yadav,RJD
Mithilanchal,6. Madhubani,Keoti,Murari Mohan Jha,BJP,"Brahmin
Votes - 89123

Runner Up- Faraz Fatmi ( RJD )
Caste - Muslim
Votes - 81818

2nd Runner Up- Mohammad Anisur Rahman ( AIMIM )
Caste - Muslim
Votes - 7474

3rd Runner Up- Biltu Sahni ( JSP )
Caste - Mallah
Votes - 4816",89123,Faraz Fatmi,RJD
Mithilanchal,23. Samastipur (SC),Hayaghat,Ram Chandra Prasad,BJP,"Kushwaha
Votes - 77222

Runner Up- Shyam Bharti ( CPI M )
Caste - Unknown
Votes - 65383

2nd Runner Up- Pratibha Singh ( JSP )
Caste - Rajput
Votes - 5759

3rd Runner Up- Mohammad Mahtab Alam ( IND )
Caste - Minority
Votes - 3667",77222,Shyam Bharti,CPI M
Mithilanchal,14. Darbhanga,Darbhanga Rural,Rajesh Kumar Mandal,JDU,"Dhanuk
Votes - 80624

Runner Up- Lalit Kumar Yadav ( RJD )
Caste - Yadav
Votes - 62232

2nd Runner Up- Md Jalaluddin Sahil ( AIMIM )
Caste - Minority
Votes - 17008

3rd Runner Up- Shyam Paswan ( IND )
Caste - Dusadh
Votes - 4638

4th Runner Up- Shoaib Ahmed Khan ( JSP )
Caste - Minority
Votes - 3814",80624,Lalit Kumar Yadav,RJD
Mithilanchal,6. Madhubani,Jale,Jibesh Kumar,BJP,"Bhumihar
Votes - 100496

Runner Up- Rishi Mishra ( INC )
Caste - Brahmin
Votes - 78634

2nd Runner Up- Ranjit Sharma ( JSP )
Caste - Lohar
Votes - 5150

3rd Runner Up- Faishal Rahman ( AIMIM )
Caste - Minority
Votes - 4666",100496,Rishi Mishra,INC
Mithilanchal,23. Samastipur (SC),Kusheshwar Asthan (SC),Atirek Kumar,JDU,"SC
Votes - 85685

Runner Up- Ganesh Bharti ( IND )
Caste - SC
Votes - 49244

2nd Runner Up- Shatrudhan Paswan ( JSP )
Caste - Dusadh
Votes - 6488

3rd Runner Up- Satya Narayan Paswan ( MEP )
Caste - Dusadh
Votes - 5127",85685,Ganesh Bharti,IND
Mithilanchal,14. Darbhanga,Benipur,Binay Kumar Choudhary,JDU,"Brahmin
Votes - 84207

Runner Up- Mithilesh Kumar Choudhary ( INC )
Caste - Brahmin
Votes - 70604

2nd Runner Up- Amresh Kumar Amar ( JSP )
Caste - Unknown
Votes - 6558

3rd Runner Up- Chun Chun Jha ( IND )
Caste - Brahmin
Votes - 6532",84207,Mithilesh Kumar Choudhary,INC
Mithilanchal,14. Darbhanga,Gaura Bauram,Sujeet Kumar,BJP,"Rajput
Votes - 77682

Runner Up- Afzal Ali Khan ( RJD )
Caste - Minority
Votes - 72013

2nd Runner Up- Shyam Sundar Chaudhary ( IND )
Caste - Unknown
Votes - 6549

3rd Runner Up- Akhtar Shahansha ( AIMIM )
Caste - Minority
Votes - 3243

4th Runner Up- Dr Md Iftekhar Alam ( JSP )
Caste - Minority
Votes - 2506",77682,Afzal Ali Khan,RJD
Mithilanchal,14. Darbhanga,Darbhanga,Sanjay Saraogi,BJP,"Marwari
Votes - 97453

Runner Up- Umesh Sahani ( VIP )
Caste - Mallah
Votes - 72860

2nd Runner Up- Rakesh Kumar Mishra ( JSP )
Caste - Brahmin
Votes - 11758

3rd Runner Up- Md Nafisul Haque ( IND )
Caste - Minority
Votes - 2314",97453,Umesh Sahani,VIP
Mithilanchal,6. Madhubani,Harlakhi,Sudhanshu Shekhar,JDU,"Kushwaha
Votes - 85486

Runner Up- Rakesh Kumar Pandey ( CPI )
Caste - Bhumihar
Votes - 49250

2nd Runner Up- Md. Shabbir ( IND )
Caste - Minority
Votes - 22041

3rd Runner Up- Ratneshwar Thakur ( JSP )
Caste - Brahmin
Votes - 7982",85486,Rakesh Kumar Pandey,CPI
Mithilanchal,7. Jhanjharpur,Jhanjharpur,Nitish Mishra,BJP,"Brahmin
Votes - 107958

Runner Up- Ram Narayan Yadav (CPI)
Caste - Yadav
Votes - 53109

2nd Runner Up- Keshavchandra Bhandari ( JSP )
Caste - Kewat
Votes - 11563

3rd Runner Up- Krishna Kumar Sahu ( IND )
Caste - Sahu
Votes - 4513",107958,Ram Narayan Yadav,CPI
Mithilanchal,7. Jhanjharpur,Phulparas,Sheela Kumari,JDU,"Dhanuk
Votes - 93677

Runner Up- Subodh Mandal ( INC )
Caste - Dhanuk
Votes - 79578

2nd Runner Up- Jalendra Mishra ( JSP )
Caste - Brahmin
Votes - 6274

3rd Runner Up- Ram Kumar Yadav ( IND )
Caste - Yadav
Votes - 5553",93677,Subodh Mandal,INC
Mithilanchal,6. Madhubani,Madhubani,Madhav Anand,RLM,"Bhumihar
Votes - 97956

Runner Up- Samir Kumar Mahaseth ( RJD )
Caste - Suri
Votes - 77404

2nd Runner Up- Rashid Khalil ( AIMIM )
Caste - Minority
Votes - 12971

3rd Runner Up- Anil Kumar Mishra ( JSP )
Caste - Brahmin
Votes - 8453",97956,Samir Kumar Mahaseth,RJD
Mithilanchal,7. Jhanjharpur,Khajauli,Arun Shankar Prasad,BJP,"Suri
Votes - 101151

Runner Up- Braj Kishor Yadav ( RJD )
Caste - Yadav
Votes - 88025

2nd Runner Up- Rupam Kumari ( JSP )
Caste - Yadav
Votes - 4637

3rd Runner Up- Rakesh Kumar Raushan ( IND )
Caste - Unknown
Votes - 2670",101151,Braj Kishor Yadav,RJD
Mithilanchal,6. Madhubani,Benipatti,Vinod Narayan Jha,BJP,"Brahmin
Votes - 87153

Runner Up- Nalini Ranjan Jha Alias Rupan Jha ( INC )
Caste - Brahmin
Votes - 63221

2nd Runner Up- Dr. B Jha Mrinal ( IND )
Caste - Brahmin
Votes - 10643

3rd Runner Up- Parvez Alam ( JSP )
Caste - Minority
Votes - 4220",87153,Nalini Ranjan Jha Alias Rupan Jha,INC
Mithilanchal,7. Jhanjharpur,Rajnagar (SC),Sujeet Kumar,BJP,"Dusadh
Votes - 108362

Runner Up- Bishnu Deo Mochi ( RJD )
Caste - Ravidas
Votes - 66177

2nd Runner Up- Surendra Kumar Das ( JSP )
Caste - Dusadh
Votes - 5669

3rd Runner Up- Rampari Devi ( AJPP_1 )
Caste - Unknown
Votes - 3568",108362,Bishnu Deo Mochi,RJD
Mithilanchal,7. Jhanjharpur,Laukaha,Satish Kumar Sah,JDU,"Kanu
Votes - 111761

Runner Up- Bharat Bhushan Mandal ( RJD )
Caste - Dhanuk
Votes - 86250

2nd Runner Up- Ram Lakhan Yadav ( IND )
Caste - Yadav
Votes - 7652

3rd Runner Up- Renu Yadav ( JSP )
Caste - Dhanuk
Votes - 4579",111761,Bharat Bhushan Mandal,RJD
Mithilanchal,7. Jhanjharpur,Babubarhi,Mina Kumari,JDU,"Kewat
Votes - 98221

Runner Up- Arun Kumar Singh ( RJD )
Caste - Kushwaha
Votes - 80653

2nd Runner Up- Alok Kumar Yadav ( JSP )
Caste - Yadav
Votes - 7740

3rd Runner Up- Umesh Kumar Yadav ( IND )
Caste - Yadav
Votes - 5547",98221,Arun Kumar Singh,RJD
Mithilanchal,6. Madhubani,Bisfi,Asif Ahmad,RJD,"Minority
Votes - 100771

Runner Up- Haribhushan Thakur (BJP)
Caste - Bhumihar
Votes - 92664

2nd Runner Up- Md Mohiuddin (IND)
Caste - Minority
Votes - 3772

3rd Runner Up- Sanjay Kumar Mishra (JSP)
Caste - Brahmin
Votes - 3124",100771,Haribhushan Thakur,BJP
Samastipur,23. Samastipur (SC),Warisnagar,Manjarik Mrinal,JDU,"Kushwaha
Votes - 108968

Runner Up- Phoolbabu Singh (CPI-ML)
Caste - Kushwaha
Votes - 74532

2nd Runner Up- Satyanarayan Sahani (JSP)
Caste - Mallah
Votes - 13081

3rd Runner Up- Abhinav Raj (IND)
Caste - Rajput
Votes - 7255",108968,Phoolbabu Singh,CPI-ML
Samastipur,23. Samastipur (SC),Kalyanpur (SC),Maheshwar Hajari,JDU,"Paswan
Votes - 118162

Runner Up- Ranjeet Kumar Ram (CPI-ML)
Caste - Ravidas
Votes - 79576

2nd Runner Up- Ram Balak Paswan (JSP)
Caste - Paswan
Votes - 16574

3rd Runner Up- Rajeev Kumar (IND)
Caste - Unknown
Votes - 5631",118162,Ranjeet Kumar Ram,CPI-ML
Samastipur,22. Ujiarpur,Sarairanjan,Vijay Chaudhary,JDU,"Bhumihar
Votes - 102792

Runner Up- Arbind Kumar Sahani (RJD)
Caste - Mallah
Votes - 81994

2nd Runner Up- Kunal Kumar (IND)
Caste - Unknown
Votes - 6182

3rd Runner Up- Sajan Kumar Mishra (JSP)
Caste - Brahmin
Votes - 5493",102792,Arbind Kumar Sahani,RJD
Samastipur,22. Ujiarpur,Bibhutipur,Ajay Kumar,CPI-M,"Kushwaha
Votes - 79246

Runner Up- Ravina Kushwaha (JDU)
Caste - Kushwaha
Votes - 68965

2nd Runner Up- Rupanjali Kumari (IND)
Caste - Unknown
Votes - 14456

3rd Runner Up- Vishwanath Choudhary (JSP)
Caste - Choudhary
Votes - 13450",79246,Ravina Kushwaha,JDU
Samastipur,22. Ujiarpur,Ujiarpur,Alok Kumar Mehta,RJD,"Kushwaha
Votes - 102707

Runner Up- Prashant Kumar Pankaj (RLM)
Caste - Kushwaha
Votes - 86424

2nd Runner Up- Durga Prasad Singh (JSP)
Caste - Kushwaha
Votes - 9502

3rd Runner Up- Upendra Kumar (IND)
Caste - Unknown
Votes - 6452",102707,Prashant Kumar Pankaj,RLM
Samastipur,23. Samastipur (SC),Rosera (SC),Birendra Kumar,BJP,"Paswan
Votes - 122773

Runner Up- Braj Kishore Ravi (INC)
Caste - Ravidas
Votes - 72240

2nd Runner Up- Rohit Kumar (JSP)
Caste - Paswan
Votes - 14913

3rd Runner Up- Rajesh Kumar Paswan (IND)
Caste - Paswan
Votes - 3885",122773,Braj Kishore Ravi,INC
Samastipur,23. Samastipur (SC),Samastipur,Ashwamedh Devi,JDU,"Kushwaha
Votes - 95728

Runner Up- Akhtarul Islam Shahin (RJD)
Caste - Unknown
Votes - 81853

2nd Runner Up- Chetna Jhamb (IND)
Caste - Unknown
Votes - 6193

3rd Runner Up- Manoj Kumar Singh (JSP)
Caste - Kushwaha
Votes - 4938",95728,Akhtarul Islam Shahin,RJD
Samastipur,25. Khagaria,Hasanpur,Raj Kumar Ray,JDU,"Yadav
Votes - 90961

Runner Up- Mala Pushpam (RJD)
Caste - Yadav
Votes - 83047

2nd Runner Up- Indu Devi (JSP)
Caste - Teli
Votes - 9553

3rd Runner Up- Manoj Mukhiya (IND)
Caste - Mukhiya
Votes - 4673",90961,Mala Pushpam,RJD
Samastipur,22. Ujiarpur,Morwa,Ranvijay Sahu,RJD,"Kanu
Votes - 77770

Runner Up- Vidya Sagar Singh Nishad (JDU)
Caste - Mallah
Votes - 69099

2nd Runner Up- Abhay Kumar Singh (IND)
Caste - Unknown
Votes - 30046

3rd Runner Up- Jagriti (JSP)
Caste - Nai
Votes - 4131",77770,Vidya Sagar Singh Nishad,JDU
Samastipur,22. Ujiarpur,Mohiuddinnagar,Rajesh Kumar Singh,BJP,"Rajput
Votes - 89208

Runner Up- Ejya Yadav (RJD)
Caste - Yadav
Votes - 77526

2nd Runner Up- Raj Kapoor Singh (JSP)
Caste - Rajput
Votes - 4414

3rd Runner Up- Vishwanath Sah (IND)
Caste - Unknown
Votes - 2230",89208,Ejya Yadav,RJD
Samastipur,21. Hajipur (SC),Mahnar,Umesh Singh Kushwaha,JDU,"Kushwaha
Votes - 98050

Runner Up- Ravindra Kumar Singh (RJD)
Caste - Rajput
Votes - 59492

2nd Runner Up- Sanjay Kumar Ray (IND)
Caste - Unknown
Votes - 14153

3rd Runner Up- Dr. Rajesh Kumar (JSP)
Caste - Barai
Votes - 4512",98050,Ravindra Kumar Singh,RJD
Samastipur,16. Vaishali,Vaishali,Siddharth Patel,JDU,"Kurmi
Votes - 108377

Runner Up- Ajay Kumar Kushwaha (RJD)
Caste - Kushwaha
Votes - 75787

2nd Runner Up- Sanjeev Singh (INC)
Caste - Bhumihar
Votes - 20395

3rd Runner Up- Sunil Kumar (JSP)
Caste - Bhumihar
Votes - 9108",108377,Ajay Kumar Kushwaha,RJD
Samastipur,21. Hajipur (SC),Raghopur,Tejashwi Prasad Yadav,RJD,"Yadav
Votes - 118597

Runner Up- Satish Kumar (BJP)
Caste - Rajput
Votes - 104065

2nd Runner Up- Baliram Singh (IND)
Caste - Rajput
Votes - 3086

3rd Runner Up- Chanchal Kumar (JSP)
Caste - Unknown
Votes - 2399",118597,Satish Kumar,BJP
Samastipur,21. Hajipur (SC),Raja Pakar (SC),Mahendra Ram,JDU,"Ravidas
Votes - 96258

Runner Up- Pratima Kumari (INC)
Caste - Ravidas
Votes - 48069

2nd Runner Up- Mohit Paswan (CPI)
Caste - Paswan
Votes - 12990

3rd Runner Up- Ajay Kumar Paswan (IND)
Caste - Paswan
Votes - 5748

4th Runner Up- Mukesh Kumar (JSP)
Caste - Unknown
Votes - 4701",96258,Pratima Kumari,INC
Samastipur,22. Ujiarpur,Patepur (SC),Lakhendra Kumar Raushan,BJP,"Dusadh
Votes - 108356

Runner Up- Prema Chaudhary (RJD)
Caste - Pasi
Votes - 85976

2nd Runner Up- Dasai Chaudhary (JSP)
Caste - Dhobi
Votes - 4181

3rd Runner Up- Sanjay Paswan (IND)
Caste - Paswan
Votes - 3423",108356,Prema Chaudhary,RJD
Samastipur,21. Hajipur (SC),Lalganj,Sanjay Kumar Singh,BJP,"Rajput
Votes - 127650

Runner Up- Shivani Shukla (RJD)
Caste - Bhumihar
Votes - 95483

2nd Runner Up- Dhirendra Kumar Mahto (IND)
Caste - Mahto
Votes - 4441

3rd Runner Up- Amar Kumar Singh (JSP)
Caste - Kurmi
Votes - 4215",127650,Shivani Shukla,RJD
Samastipur,21. Hajipur (SC),Hajipur,Awadhesh Singh,BJP,"Kurmi
Votes - 113221

Runner Up- Deo Kumar Chaurasia (RJD)
Caste - Barai
Votes - 94712

2nd Runner Up- Pratibha Sinha (JSP)
Caste - Bhumihar
Votes - 4701

3rd Runner Up- Sunil Roy (IND)
Caste - Roy
Votes - 2226",113221,Deo Kumar Chaurasia,RJD
Samastipur,21. Hajipur (SC),Mahua,Sanjay Kumar Singh,LJP-R,"Rajput
Votes - 87641

Runner Up- Mukesh Kumar Raushan (RJD)
Caste - Yadav
Votes - 42644

2nd Runner Up- Tej Pratap Yadav (JJD)
Caste - Yadav
Votes - 35703

3rd Runner Up- Amit Kumar (AIMIM)
Caste - Unknown
Votes - 15783

7th Runner Up- Indrajeet Pradhan (JSP)
Caste - Pradhan
Votes - 2386",87641,Mukesh Kumar Raushan,RJD
Champaran,3. Purvi Champaran,Harsidhi (SC),Krishnanandan Paswan,BJP,"Dusadh
Votes - 96864

Runner Up- Rajendra Kumar ( RJD )
Caste - Ravidas
Votes - 89769

2nd Runner Up- Awadhesh Kumar ( JSP )
Caste - Unknown
Votes - 9568

3rd Runner Up- Anil Jha ( IND )
Caste - Brahmin
Votes - 3240",96864,Rajendra Kumar,RJD
Champaran,4. Sheohar,Madhuban,Rana Randhir,BJP,"Rajput
Votes - 86002

Runner Up- Sandhya Rani ( RJD )
Caste - Kushwaha
Votes - 80510

2nd Runner Up- Vijay Kumar Kushwaha ( JSP )
Caste - Kushwaha
Votes - 5383

3rd Runner Up- Shashi Ranjan Kumar Alias Sonu Singh ( IND )
Caste - Unknown
Votes - 2647",86002,Sandhya Rani,RJD
Champaran,2. Paschim Champaran,Raxaul,Pramod Kumar Sinha,BJP,"Kushwaha
Votes - 106765

Runner Up- Shyam Bihari Prasad ( INC )
Caste - Kalwar
Votes - 88887

2nd Runner Up- Kapil Dev Prasad ( JSP )
Caste - Kushwaha
Votes - 14656

3rd Runner Up- Dhurendra Kumar ( IND )
Caste - Unknown
Votes - 1460",106765,Shyam Bihari Prasad,INC
Champaran,3. Purvi Champaran,Motihari,Pramod Kumar,BJP,"Kanu
Votes - 106080

Runner Up- Dewa Gupta ( RJD )
Caste - Kalwar
Votes - 92517

2nd Runner Up- Atul Kumar ( JSP )
Caste - Unknown
Votes - 6592

3rd Runner Up- Divyanshu Bhardwaj ( IND )
Caste - Unknown
Votes - 2082",106080,Dewa Gupta,RJD
Champaran,3. Purvi Champaran,Kalyanpur (EC),Sachindra Prasad Singh,BJP,"Bhumihar
Votes - 89057

Runner Up- Manoj Kumar Yadav (RJD)
Caste - Yadav
Votes - 73489

2nd Runner Up- Mantosh Kumar Sahni (JSP)
Caste - Sahni
Votes - 5206

3rd Runner Up- Md Badiuzzaman (BSP)
Caste - Muslim
Votes - 4490",89057,Manoj Kumar Yadav,RJD
Champaran,3. Purvi Champaran,Pipra (EC),Shyam Babu Prasad Yadav,BJP,"Yadav
Votes - 110422

Runner Up- Rajmangal Prasad (CPI M)
Caste - Kushwaha
Votes - 99677

2nd Runner Up- Subodh Kumar (JSP)
Caste - Yadav
Votes - 9487

3rd Runner Up- Rajmangal Prasad (IND)
Caste - Unknown
Votes - 4872",110422,Rajmangal Prasad,CPI M
Champaran,3. Purvi Champaran,Kesaria,Shalini Mishra,JDU,"Bhumihar
Votes - 78192

Runner Up- Varun Vijay (VIP)
Caste - Rajput
Votes - 61852

2nd Runner Up- Naj Ahamad Khan (JSP)
Caste - Muslim
Votes - 11206

3rd Runner Up- Sunil Kumar (IND)
Caste - Unknown
Votes - 4567",78192,Varun Vijay,VIP
Champaran,4. Sheohar,Dhaka,Faisal Rahman,RJD,"Muslim
Votes - 112727

Runner Up- Pawan Kumar Jaiswal (BJP)
Caste - Kalwar
Votes - 112549

2nd Runner Up- Doctor L. B. Prasad (JSP)
Caste - Unknown
Votes - 8347

3rd Runner Up- Rana Ranjit
Caste - Unknown
Votes - 5730",112727,Pawan Kumar Jaiswal,BJP
Champaran,2. Paschim Champaran,Sugauli,Rajesh Kumar Alias Bablu Gupta,LJP-R,"Baniya
Votes - 98875

Runner Up- Shyam Kishor Chaudhary (JJD)
Caste - Mallah
Votes - 40684

2nd Runner Up- Zulfiquar Aftab (BSP)
Caste - Muslim
Votes - 25036

3rd Runner Up- Ajay Kumar Jha (JSP)
Caste - Brahmin
Votes - 24718",98875,Shyam Kishor Chaudhary,JJD
Champaran,4. Sheohar,Chiraia,Lal Babu Prasad Gupta,BJP,"Teli
Votes - 90572

Runner Up- Lakshmi Narayan Prasad Yadav (RJD)
Caste - Yadav
Votes - 51212

2nd Runner Up- Achchhelal Prasad (IND)
Caste - Yadav
Votes - 34874

3rd Runner Up- Sanjay Kumar (JSP)
Caste - Unknown
Votes - 15590",90572,Lakshmi Narayan Prasad Yadav,RJD
Champaran,3. Purvi Champaran,Govindganj,Raju Tiwari,LJP-R,"Brahmin
Votes - 96034

Runner Up- Shashi Bhushan Rai Alias Gappu Rai (INC)
Caste - Bhumihar
Votes - 63351

2nd Runner Up- Krishna Kant Mishra (JSP)
Caste - Brahmin
Votes - 9830

3rd Runner Up- Nitesh Kumar Shrivastava (TPLRSP)
Caste - Kayastha
Votes - 3770",96034,Shashi Bhushan Rai Alias Gappu Rai,INC
Champaran,2. Paschim Champaran,Narkatia,Vishal Kumar,JDU,"Teli
Votes - 104450

Runner Up- Shamim Ahmad (RJD)
Caste - Muslim
Votes - 103007

2nd Runner Up- Lal Babu Prasad (JSP)
Caste - Unknown
Votes - 7002

3rd Runner Up- Md Harun Rashid (IND)
Caste - Muslim
Votes - 1937",104450,Shamim Ahmad,RJD
Champaran,1. Valmiki Nagar,Narkatiaganj,Sanjay Kumar Pandey,BJP,"Brahmin
Votes - 100044

Runner Up- Deepak Yadav (RJD)
Caste - Yadav
Votes - 73586

2nd Runner Up- Shashwat Kedar (INC)
Caste - Brahmin
Votes - 5388

3rd Runner Up- Md. Wasiullah (JSP)
Caste - Muslim
Votes - 4238",100044,Deepak Yadav,RJD
Champaran,1. Valmiki Nagar,Sikta,Sammridh Varma,JDU,"Kayastha
Votes - 97173

Runner Up- Khurshid Firoz Ahmad (IND)
Caste - Muslim
Votes - 50029

2nd Runner Up- Birendra Prasad Gupta (CPI(ML))
Caste - Teli
Votes - 37431

3rd Runner Up- Utkarsh Srivastava (JSP)
Caste - Kayastha
Votes - 8181",97173,Khurshid Firoz Ahmad,IND
Champaran,1. Valmiki Nagar,Lauriya,Vinay Bihari,BJP,"Rajput
Votes - 96510

Runner Up- Ran Kaushal Pratap Singh (VIP)
Caste - Kurmi
Votes - 69544

2nd Runner Up- Sunil Kumar (JSP)
Caste - Unknown
Votes - 15722

3rd Runner Up- Pappu Kumar Thakur (TPLRSP)
Caste - Thakur
Votes - 4035",96510,Ran Kaushal Pratap Singh,VIP
Champaran,2. Paschim Champaran,Nautan,Narayan Prasad,BJP,"Teli
Votes - 101952

Runner Up- Amit Kumar (INC)
Caste - Giri-Brahmin
Votes - 79880

2nd Runner Up- Santosh Chaudhari (JSP)
Caste - Chaudhari
Votes - 12082

3rd Runner Up- Virendra Rao (BSP)
Caste - Rao
Votes - 2714",101952,Amit Kumar,INC
Champaran,1. Valmiki Nagar,Bagaha,Ram Singh,BJP,"Chauhan
Votes - 106875

Runner Up- Jayesh Mangalam Singh (INC)
Caste - Rajput
Votes - 100562

2nd Runner Up- Nandesh Pandey Urf Chunnu Pandey (JSP)
Caste - Brahmin
Votes - 5799

3rd Runner Up- Dinesh Agrawal (IND)
Caste - Bania
Votes - 4239",106875,Jayesh Mangalam Singh,INC
Champaran,2. Paschim Champaran,Bettiah,Renu Devi,BJP,"Nonia
Votes - 91907

Runner Up- Washi Ahmad (INC)
Caste - Muslim
Votes - 69534

2nd Runner Up- Rohit Kumar Sikaria (IND)
Caste - Marwari-Bania
Votes - 24665

3rd Runner Up- Anil Kumar Singh (JSP)
Caste - Rajput
Votes - 6297",91907,Washi Ahmad,INC
Champaran,2. Paschim Champaran,Chanpatia,Abhishek Ranjan,INC,"Kanu
Votes - 87538

Runner Up- Umakant Singh (BJP)
Caste - Bhumihar
Votes - 86936

2nd Runner Up- Tripurari Kumar Tiwari Alias Manish Kashyap (JSP)
Caste - Brahmin
Votes - 37172

3rd Runner Up- Bipin Tiwari Alias Bipin Nath Tiwari (LAJSP)
Caste - Brahmin
Votes - 2108",87538,Umakant Singh,BJP
Champaran,1. Valmiki Nagar,Valmiki Nagar,Surendra Prasad,INC,"Kushwaha
Votes - 107730

Runner Up- Dhirendra Pratap Singh Alias Rinku Singh (JDU)
Caste - Rajput
Votes - 106055

2nd Runner Up- Rameshwar Yadav (BSP)
Caste - Yadav
Votes - 5312

4th Runner Up- Mahmad Jalil (IND)
Caste - Muslim
Votes - 2426",107730,Dhirendra Pratap Singh Alias Rinku Singh,JDU
Champaran,1. Valmiki Nagar,Ramnagar (SC),Nand Kishor Ram,BJP,"Ravidas
Votes - 115214

Runner Up- Subodh Kumar (RJD)
Caste - Dusadh
Votes - 79534

2nd Runner Up- Pappu Kumar Ranjan (JSP)
Caste - Unknown
Votes - 6992

3rd Runner Up- Aaditya Kumar (BSP)
Caste - Unknown
Votes - 2663",115214,Subodh Kumar,RJD
Saran,19. Maharajganj,Baniapur,Kedar Nath Singh,BJP,"Rajput
Votes - 95606

Runner Up- Chandni Devi (RJD)
Caste - Rajput
Votes - 80170

2nd Runner Up- Shravan Kumar (JSP)
Caste - Unknown
Votes - 8638

3rd Runner Up- Shyam Kumar Singh (IND)
Caste - Rajput
Votes - 3831",95606,Chandni Devi,RJD
Saran,19. Maharajganj,Taraiya,Janak Singh,BJP,"Rajput
Votes - 85564

Runner Up- Shailendra Pratap (RJD)
Caste - Rajput
Votes - 84235

2nd Runner Up- Satyendra Kumar Sahni (JSP)
Caste - Mallah
Votes - 5086

3rd Runner Up- Mumtaj Ansari (IND)
Caste - Muslim
Votes - 2748",85564,Shailendra Pratap,RJD
Saran,20. Saran,Sonepur,Vinay Kumar Singh,BJP,"Rajput
Votes - 90842

Runner Up- Dr. Ramanuj Prasad (RJD)
Caste - Yadav
Votes - 86075

2nd Runner Up- Chandan Lal Mehta (JSP)
Caste - Kushwaha
Votes - 11977

3rd Runner Up- Ramesh Kumar (IND)
Caste - Unknown
Votes - 3156",90842,Dr. Ramanuj Prasad,RJD
Saran,19. Maharajganj,Ekma,Manoranjan Singh,JDU,"Bhumihar
Votes - 84077

Runner Up- Srikant Yadav (RJD)
Caste - Yadav
Votes - 61369

2nd Runner Up- Deo Kumar Singh (JSP)
Caste - Rajput
Votes - 7642

3rd Runner Up- Lakshman Manjhi (BSP)
Caste - Manjhi
Votes - 2992",84077,Srikant Yadav,RJD
Saran,19. Maharajganj,Manjhi,Randhir Kumar Singh,JDU,"Rajput
Votes - 68455

Runner Up- Dr. Satyendra Yadav (CPI(M))
Caste - Yadav
Votes - 58668

2nd Runner Up- Rana Pratap Singh (IND)
Caste - Rajput
Votes - 19139

3rd Runner Up- Y.V. Giri (JSP)
Caste - Unknown
Votes - 9306",68455,Dr. Satyendra Yadav,CPI(M
Saran,20. Saran,Chapra,Chhoti Kumari,BJP,"Teli
Votes - 86845

Runner Up- Shatrughan Yadav (RJD)
Caste - Yadav
Votes - 79245

2nd Runner Up- Rakhi Gupta (IND)
Caste - Sonar
Votes - 11488

3rd Runner Up- Jai Prakash Singh (JSP)
Caste - Rajput
Votes - 3433",86845,Shatrughan Yadav,RJD
Saran,20. Saran,Amnour,Krishan Kumar Mantoo,BJP,"Kurmi
Votes - 75525

Runner Up- Sunil Kumar (RJD)
Caste - Yadav
Votes - 71717

2nd Runner Up- Rahul Kumar Singh (JSP)
Caste - Rajput
Votes - 6031

3rd Runner Up- Puja Kumari (BSP)
Caste - Unknown
Votes - 5695",75525,Sunil Kumar,RJD
Saran,20. Saran,Garkha (SC),Surendra Ram,RJD,"Ravidas
Votes - 91134

Runner Up- Simant Mrinal (LJP-R)
Caste - Paswan
Votes - 78330

2nd Runner Up- Muneshwar Chaudhary (IND)
Caste - Pasi
Votes - 9453

3rd Runner Up- Manohar Kumar Ram (JSP)
Caste - Ravidas
Votes - 5314",91134,Simant Mrinal,LJP-R
Saran,20. Saran,Parsa,Karishma,RJD,"Yadav
Votes - 89093

Runner Up- Chhote Lal Rai (JDU)
Caste - Yadav
Votes - 63321

2nd Runner Up- Mosaheb Mahto (JSP)
Caste - Koeri/Kushwaha
Votes - 10126

3rd Runner Up- Shriniwas Sah (IND)
Caste - Teli
Votes - 3211",89093,Chhote Lal Rai,JDU
Saran,20. Saran,Marhaura,Jitendra Kumar Rai,RJD,"Yadav
Votes - 86118

Runner Up- Naveen Kumar Singh Urf Abhay Singh (JSP)
Caste - Rajput
Votes - 58190

2nd Runner Up- Ankit Kumar (IND)
Caste - Kanu
Votes - 17310

3rd Runner Up- Sandev Kumar Ray (IND)
Caste - Mallah
Votes - 3483",86118,Naveen Kumar Singh Urf Abhay Singh,JSP
Saran,18. Siwan,Raghunathpur,Osama Shahab,RJD,"Muslim
Votes - 88278

Runner Up- Vikash Kumar Singh (JDU)
Caste - Rajput
Votes - 79030

2nd Runner Up- Rahul Kirti (JSP)
Caste - Unknown
Votes - 3071

3rd Runner Up- Upendra Singh (IND)
Caste - Rajput
Votes - 2909",88278,Vikash Kumar Singh,JDU
Saran,19. Maharajganj,Maharajganj,Hem Narayan Sah,JDU,"Teli
Votes - 86813

Runner Up- Vishal Kumar Jaiswal (RJD)
Caste - Kalwar
Votes - 65714

2nd Runner Up- Sunil Ray (JSP)
Caste - Unknown
Votes - 8165

3rd Runner Up- Nitish Kumar Diwedi (IND)
Caste - Unknown
Votes - 6254",86813,Vishal Kumar Jaiswal,RJD
Saran,18. Siwan,Barharia,Indradev Singh,JDU,"Kurmi
Votes - 93600

Runner Up- Arun Kumar Gupta (RJD)
Caste - Baniya
Votes - 81464

2nd Runner Up- Shyam Bahadur Singh (IND)
Caste - Kurmi
Votes - 4692

3rd Runner Up- Shekh Shahnawaz Alam (JSP)
Caste - Unknown
Votes - 3750",93600,Arun Kumar Gupta,RJD
Saran,18. Siwan,Ziradei,Bhism Pratap Singh,JDU,"Kushwaha
Votes - 66227

Runner Up- Amarjeet Kushwaha (CPI(ML)(L))
Caste - Kushwaha
Votes - 63601

2nd Runner Up- Munna Pandey (JSP)
Caste - Brahmin
Votes - 10125

3rd Runner Up- Pramod Kumar Mall (BSP)
Caste - Mallah
Votes - 5102",66227,Amarjeet Kushwaha,CPI(ML
Saran,18. Siwan,Siwan,Mangal Pandey,BJP,"Brahmin
Votes - 92379

Runner Up- Awadh Bihari Choudhary (RJD)
Caste - Yadav
Votes - 83009

2nd Runner Up- Mohammad Kaifi Samshir (AIMIM)
Caste - Muslim
Votes - 3493

3rd Runner Up- Intekhab Ahmad (JSP)
Caste - Muslim
Votes - 2543",92379,Awadh Bihari Choudhary,RJD
Saran,18. Siwan,Darauli (SC),Vishnu Deo Paswan,LJP-R,"Dusadh
Votes - 83014

Runner Up- Satyadeo Ram (CPI-ML)
Caste - Ravidas
Votes - 73442

2nd Runner Up- Ganesh Ram (JSP)
Caste - Unknown
Votes - 4630

3rd Runner Up- Manoj Ram (SBSP)
Caste - Unknown
Votes - 3908",83014,Satyadeo Ram,CPI-ML
Saran,18. Siwan,Daraundha,Karnjeet Singh Alias Vyas Singh,BJP,"Rajput
Votes - 87047

Runner Up- Amarnath Yadav (CPI-ML)
Caste - Yadav
Votes - 68680

2nd Runner Up- Gudiya Devi (IND)
Caste - Bhumihar
Votes - 11133

3rd Runner Up- Satyandra Yadav (JSP)
Caste - Yadav
Votes - 6731",87047,Amarnath Yadav,CPI-ML
Saran,19. Maharajganj,Goriyakothi,Devesh Kant Singh,BJP,"Bhumihar
Votes - 105909

Runner Up- Anwarul Haque (RJD)
Caste - Muslim
Votes - 93524

2nd Runner Up- Ashok Kumar Varma (IND)
Caste - Unknown
Votes - 2797

3rd Runner Up- Ejaz Ahmad Siddique (JSP)
Caste - Muslim
Votes - 3281",105909,Anwarul Haque,RJD
Saran,17. Gopalganj (SC),Baikunthpur,Mithilesh Tiwari,BJP,"Brahmin
Votes - 104133

Runner Up- Prem Shankar Prasad (RJD)
Caste - Yadav
Votes - 87180

2nd Runner Up- Ajay Prasad (JSP)
Caste - Unknown
Votes - 7335

3rd Runner Up- Pradeep Kumar (BSP)
Caste - Unknown
Votes - 4142",104133,Prem Shankar Prasad,RJD
Saran,17. Gopalganj (SC),Hathua,Ramsewak Singh,JDU,"Kushwaha
Votes - 92121

Runner Up- Rajesh Kumar Singh (RJD)
Caste - Kushwaha
Votes - 79773

2nd Runner Up- Sanjay Kumar Suman (JSP)
Caste - Unknown
Votes - 5089

3rd Runner Up- Shabnam Khatun (BSP)
Caste - Muslim
Votes - 3789",92121,Rajesh Kumar Singh,RJD
Saran,17. Gopalganj (SC),Kuchaikote,Amrendra Kumar Pandey,JDU,"Brahmin
Votes - 101425

Runner Up- Hari Narayan Singh (INC)
Caste - Kushwaha
Votes - 76934

2nd Runner Up- Vijay Kumar Choubey (JSP)
Caste - Brahmin
Votes - 6077

3rd Runner Up- Baliram Singh (BSP)
Caste - Unknown
Votes - 5542",101425,Hari Narayan Singh,INC
Saran,17. Gopalganj (SC),Barauli,Manjeet Kumar Singh,JDU,"Rajput
Votes - 88657

Runner Up- Dilip Kumar Singh (RJD)
Caste - Rajput
Votes - 76283

2nd Runner Up- Reyazul Haque Urf Raju (BSP)
Caste - Muslim
Votes - 13397

3rd Runner Up- Sonu Kumar (IND)
Caste - Unknown
Votes - 4804",88657,Dilip Kumar Singh,RJD
Saran,17. Gopalganj (SC),Bhore (SC),Sunil Kumar,JDU,"Ravidas
Votes - 101469

Runner Up- Dhananjay (CPI(ML)(L))
Caste - Paswan
Votes - 85306

2nd Runner Up- Priti Kinnar (JSP)
Caste - Kinnar
Votes - 8602

3rd Runner Up- Surendra Kumar Ram (BSP)
Caste - Ravidas
Votes - 6132",101469,Dhananjay,CPI(ML
Saran,17. Gopalganj (SC),Gopalganj,Subhash Singh,BJP,"Rajput
Votes - 96892

Runner Up- Om Prakash Garg (INC)
Caste - Brahmin
Votes - 67920

2nd Runner Up- Anash Salam (AIMIM)
Caste - Muslim
Votes - 14225

3rd Runner Up- Indira Yadav (BSP)
Caste - Yadav
Votes - 8079",96892,Om Prakash Garg,INC
Tirhut,5. Sitamarhi,Bathnaha (SC),Anil Kumar,BJP,"Ravidas
Votes - 123698

Runner Up- Navin Kumar (INC)
Caste - Pasi
Votes - 71929

2nd Runner Up- Nawal Kishor Choudhary (JSP)
Caste - Unknown
Votes - 5282

3rd Runner Up- Pramod Baitha (IND)
Caste - Unknown
Votes - 1972",123698,Navin Kumar,INC
Tirhut,5. Sitamarhi,Sitamarhi,Sunil Kumar Pintu,BJP,"Teli
Votes - 104226

Runner Up- Sunil Kumar (RJD)
Caste - Kushwaha
Votes - 98664

2nd Runner Up- Ram Kishor Ray (IND)
Caste - Unknown
Votes - 2867

3rd Runner Up- Upendra Sahani (RJP)
Caste - Sahani/Mallah
Votes - 2419",104226,Sunil Kumar,RJD
Tirhut,5. Sitamarhi,Parihar,Gayetri Devi,BJP,"Yadav
Votes - 82644

Runner Up- Ritu Jaiswal (IND)
Caste - Baniya
Votes - 65455

2nd Runner Up- Smita Gupta (RJD)
Caste - Suri-Baniya
Votes - 48534

3rd Runner Up- Awadhesh Prasad (JSP)
Caste - Kushwaha
Votes - 3217",82644,Ritu Jaiswal,IND
Tirhut,5. Sitamarhi,Sursand,Prof. Nagendra Raut,JDU,"Suri-Baniya
Votes - 104157

Runner Up- Syed Abu Dojana (RJD)
Caste - Muslim
Votes - 80490

2nd Runner Up- Usha Kiran (JSP)
Caste - Unknown
Votes - 5993

3rd Runner Up- Rajeev Nand (IND)
Caste - Unknown
Votes - 3625",104157,Syed Abu Dojana,RJD
Tirhut,5. Sitamarhi,Bajpatti,Rameshwar Kumar Mehto,RLM,"Kushwaha
Votes - 99144

Runner Up- Mukesh Kumar Yadav (RJD)
Caste - Yadav
Votes - 95749

2nd Runner Up- Aajam Khan (JSP)
Caste - Muslim
Votes - 6174

3rd Runner Up- Md. Munna Mansuri (IND)
Caste - Mansuri (Muslim)
Votes - 3105",99144,Mukesh Kumar Yadav,RJD
Tirhut,5. Sitamarhi,Runnisaidpur,Pankaj Kumar,JDU,"Bhumihar
Votes - 93672

Runner Up- Chandan Kumar (RJD)
Caste - Yadav
Votes - 73935

2nd Runner Up- Vijay Kumar Sah (JSP)
Caste - Kanu
Votes - 7671

3rd Runner Up- Sanjay Kumar (IND)
Caste - Unknown
Votes - 3737",93672,Chandan Kumar,RJD
Tirhut,4. Sheohar,Riga,Baidyanath Prasad,BJP,"Baniya
Votes - 117393

Runner Up- Amit Kumar (INC)
Caste - Rajput
Votes - 84268

2nd Runner Up- Ramashish Ray (IND)
Caste - Unknown
Votes - 4041

3rd Runner Up- Krishna Mohan Singh (JSP)
Caste - Rajput
Votes - 3078",117393,Amit Kumar,INC
Tirhut,4. Sheohar,Belsand,Amit Kumar,LJP-R,"Rajput
Votes - 82076

Runner Up- Sanjay Kumar Gupta (RJD)
Caste - Baniya
Votes - 59391

2nd Runner Up- Arpna Singh (JSP)
Caste - Unknown
Votes - 19025

3rd Runner Up- Rana Randhir Singh Chouhan (BSP)
Caste - Rajput
Votes - 7600",82076,Sanjay Kumar Gupta,RJD
Tirhut,4. Sheohar,Sheohar,Shweta Gupta,JDU,"Baniya
Votes - 97269

Runner Up- Navneet Kumar (RJD)
Caste - Brahmin
Votes - 65871

2nd Runner Up- Md Sharfuddin (BSP)
Caste - Muslim
Votes - 16469

3rd Runner Up- Niraj Singh (JSP)
Caste - Rajput
Votes - 13952",97269,Navneet Kumar,RJD
Magadh,38. Gaya (SC),Bodh Gaya (SC),Kumar Sarvjeet,RJD,"Dusadh
Votes - 100236

Runner Up- Shyamdeo Paswan (LJP-RV)
Caste - Dusadh
Votes - 99355

2nd Runner Up- Nandlal Kumar (IND)
Caste - Unknown
Votes - 10181

3rd Runner Up- Lakshman Manjhi (JSP)
Caste - Manjhi
Votes - 4024",100236,Shyamdeo Paswan,LJP-RV
Magadh,38. Gaya (SC),Wazirganj,Birendra Singh,BJP,"Bhumihar
Votes - 94574

Runner Up- Awadhesh Kumar Singh (INC)
Caste - Rajput
Votes - 81841

2nd Runner Up- Chitranjan Kumar (BSP)
Caste - Unknown
Votes - 14303

3rd Runner Up- Santosh Kumar (JSP)
Caste - Teli
Votes - 5017",94574,Awadhesh Kumar Singh,INC
Magadh,37. Aurangabad,Tikari,Ajay Kumar,RJD,"Koiri
Votes - 97550

Runner Up- Anil Kumar (HAM)
Caste - Bhumihar
Votes - 95492

2nd Runner Up- Subodh Kumar Singh (IND)
Caste - Unknown
Votes - 3730

3rd Runner Up- Uday Paswan (BSP)
Caste - Dusadh
Votes - 2807

4th Runner Up- Shashi Kumar (JSP)
Caste - Yadav
Votes - 2552",97550,Anil Kumar,HAM
Magadh,38. Gaya (SC),Gaya Town,Prem Kumar,BJP,"Kahar
Votes - 90878

Runner Up- Akhaury Onkar Nath (INC)
Caste - Kayasth
Votes - 64455

2nd Runner Up- Dhirendra Agrawal (JSP)
Caste - Bania
Votes - 4479

3rd Runner Up- Mukesh Kumar Sinha (IND)
Caste - Unknown
Votes - 1115",90878,Akhaury Onkar Nath,INC
Magadh,37. Aurangabad,Gurua,Upendra Prasad,BJP,"Koiri
Votes - 99758

Runner Up- Vinay Kumar ( RJD )
Caste - Yadav
Votes - 75564

2nd Runner Up- Raghvendra Narayan Yadav ( BSP )
Caste - Yadav
Votes - 8242

3rd Runner Up - Sanjeev Shayam Singh ( JSP )
Caste - Rajput
Votes - 4400",99758,Vinay Kumar,RJD
Magadh,38. Gaya (SC),Sherghati,Uday Kumar Singh,LJP,"Yadav
Votes - 77270
Runner Up- Pramod Kumar Verma ( RJD )
Caste - Sonar
Votes - 63746
2nd Runner Up- Pawan Kishore ( JSP )
Caste - Bhumiar
Votes - 18982
3rd Runner Up - Shane Ali Khan ( AIMIM )
Caste - Minority
Votes - 14754",77270,Pramod Kumar Verma,RJD
Magadh,36. Jehanabad,Atri,Romit Kumar,HAM,"Bhumihar
Votes - 102102

Runner Up- Baijayanti Devi ( RJD )
Catste - Yadav
Votes - 76325

2nd Runner Up- Shailendra Kumar ( JSP )
Caste - Bhumihar
Votes - 3177

3rd Runner Up - Md Vakil Varish
Caste - Minority ( Ansari )
Votes - 2817",102102,Baijayanti Devi,RJD
Magadh,38. Gaya (SC),Barachatti (SC),Jyoti Devi,HAM,"Mushar
Votes - 108271
Runner Up- Tanushree kumari ( RJD )
Caste - Mushar
Votes - 99378
2nd Runner Up- Hemant Kumar Paswan ( JSP )
Caste - Paswan
Votes - 3967
3rd Runner Up- GS Ramchandra Das ( BSP )
Caste - Ravidas
Votes - 3150",108271,Tanushree kumari,RJD
Magadh,37. Aurangabad,Imamganj (SC),Deepa Kumari,HAM,"Mushar
Votes - 104861
Runner Up- Ritu Priya Chaudhary ( RJD )
Caste - Pasi
Votes - 79005
2nd Runner Up- Dr Ajeet Kumar ( JSP )
Caste - Ravidas
Votes - 11912
3rd Runner Up- Tengar Paswan ( IND )
Caste - Dusadh
Votes - 2313",104861,Ritu Priya Chaudhary,RJD
Magadh,38. Gaya (SC),Belaganj,MANORAMA DEVI,JDU,"Yadav
Votes - 95685
Runner Up- VISHWANATH KUMAR SINGH ( RJD )
Caste - Yadav
Votes - 92803
2nd Runner Up- LALU YADAV ( IND )
Caste - Yadav
Votes - 2769
3rd Runner Up- VIBHUTI NARAYAN SINGH ( IND )
Caste - Votes - 2562
4th Runner Up- MADHUBALA KUMARI ( AAP )
Caste - Votes - 2204
5th Runner Up- MD SAHABUDDIN ( JSP )
Caste - Minority
Votes - 1621",95685,VISHWANATH KUMAR SINGH,RJD
Magadh,37. Aurangabad,Rafiganj,PRAMOD KUMAR SINGH,JDU,"Rajput
Votes- 107515 
 
Runner Up- GHULAM SHAHID ( RJD )
Caste - Minority
Votes- 95559

2nd Runner Up- SUMAN KUMARI ( BSP )
Caste - 
Votes- 4432

3rd Runner Up- SURYADEEP SINGH ( IND )
Caste - 
Votes- 4215

4th Runner Up - VIKASH KUMAR SINGH ( JSP )
Caste - Rajput
Votes - 3029",107515,GHULAM SHAHID,RJD
Magadh,35. Karakat,Goh,AMRENDRA KUMAR,RJD,"Kushwaha
Votes- 93624
Runner Up- DR. RANVIJAY KUMAR ( BJP )
Caste - Bhumihar
Votes- 89583
2nd Runner Up- SITARAM DUKHARI ( JSP )
Caste - Kahar
Votes- 7996 3rd Runner Up- MD EKLAKHA ( ASP )
Caste - Minority
Votes- 6631
5th Runner Up - ER. SANJAY PRASAD KUSHWAHA ( BSP )
Caste - Kushwaha
Votes - 1946",93624,DR. RANVIJAY KUMAR,BJP
Magadh,37. Aurangabad,Aurangabad,TRIVIKRAM NARAYAN SINGH,BJP,"Rajput
Votes- 87200
 
Runner Up- ANAND SHANKAR SINGH ( RJD )
Caste - Rajput
Votes- 80406

2nd Runner Up- SHAKTI KUMAR MISHRA ( BSP )
Caste - Brahmin
Votes- 19776

4th Runner Up- NAND KISHOR YADAV ( JSP ) 
Caste - Yadav
Votes- 2755",87200,ANAND SHANKAR SINGH,RJD
Magadh,37. Aurangabad,Kutumba (SC),LALAN RAM,HAM,"Ravidas
Votes- 84727
 
Runner Up- RAJESH KUMAR ( INC )
Caste - Ravidas
Votes- 63202

2nd Runner Up- SHYAMBALI RAM ( JSP )
Caste - Paswan
Votes- 6065",84727,RAJESH KUMAR,INC
Magadh,35. Karakat,Nabinagar,Chetan Anand,JDU,"Rajput
Votes - 80380

Runner Up- Amod Kumar Singh ( RJD )
Catste - Kahar
Votes - 80268

2nd Runner Up- Lav Kumar Singh ( IND )
Caste - Yadav
Votes - 7075

3rd Runner Up - Vinod Kumar ( BSP )
Caste - 
Votes - 6595

4th Runner Up - Archana Chandra ( JSP )
Caste - Yadav
Votes - 4085",80380,Amod Kumar Singh,RJD
Magadh,35. Karakat,Obra,Prakash Chandra,LJP,"Teli
Votes - 91638

Runner Up- Rishi Kumar ( RJD )
Catste - Yadav
Votes - 79625

2nd Runner Up- Sanjay Kumar ( BSP )
Caste - Yadav
Votes - 7896

3rd Runner Up - Md Taufeeq Alam ( IND )
Caste - Minority 
Votes - 4566

4th Runner Up- Uday Narayan Rajbhar ( SBSP )
Caste - Rajbhar
Votes - 3968

5th Runner Up - Sudhir Kumar Sharma ( JSP )
Caste - Bhaumihar
Votes - 3779",91638,Rishi Kumar,RJD
Magadh,36. Jehanabad,Makhdumpur (SC),SUBEDAR DAS,RJD,"Ravidas
Votes- 74769
 
Runner Up- RANI KUMARI ( LJP )
Caste - Paswan
Votes- 72939

2nd Runner Up- SHANKAR SWARUP ( JSP )
Caste - Paswan
Votes- 4803",74769,RANI KUMARI,LJP
Magadh,36. Jehanabad,Ghosi,RITURAJ KUMAR,JDU,"Bhumihar
Votes- 80740
 
Runner Up- RAMBALI SINGH YADAV ( CPI-ML )
Caste - Yadav
Votes- 68811

2nd Runner Up- ANURADHA SINHA ( BSP )
Caste - 
Votes- 3715

5th Runner Up - PRABHAT KUMAR ( JSP )
Caste - Kurmi
Votes - 3070",80740,RAMBALI SINGH YADAV,CPI-ML
Magadh,36. Jehanabad,Jehanabad,Rahul Kumar,RJD,"Bhumihar
Votes - 86402

Runner Up- Chandeshwar Prasad ( JDU )
Catste - Kahar
Votes - 85609

2nd Runner Up- Abhiram Singh ( JSP )
Caste - Bhumihar
Votes - 5760

3rd Runner Up - Ritesh Kumar ( IND )
Caste - 
Votes - 4330",86402,Chandeshwar Prasad,JDU
Magadh,36. Jehanabad,Arwal,Manoj Kumar,BJP,"Bhumihar
Votes - 79854

Runner Up- Mahanand Singh (CPI(ML) (L))
Caste - Kushwaha
Votes - 65761

2nd Runner Up- Veerendra Prasad (IND)
Caste - Unknown
Votes - 3879

3rd Runner Up- Shekhar Ram (BSP)
Caste - Unknown
Votes - 3719

4th Runner Up- Kunti Devi (JSP)
Caste - Yadav
Votes - 3376",79854,Mahanand Singh,CPI(ML
Magadh,36. Jehanabad,Kurtha,Pappu Kumar Verma,JDU,"Kushwaha
Votes - 74466

Runner Up- Kumar Krishan Mohan ( RJD )
Catste - Yadav
Votes - 68985

2nd Runner Up- Rambali Singh ( JSP )
Caste - Kahar
Votes - 5030

3rd Runner Up - Ashok Kumar ( BSP )
Caste - 
Votes - 3338",74466,Kumar Krishan Mohan,RJD
Sahabad,33. Buxar,Dinara,ALOK KUMAR SINGH,RLM,"Rajput
Votes- 78338
 
Runner Up- SHASHI SHANKAR KUMAR ALIAS RAJESH YADAV ( RJD )
Caste -Yadav 
Votes- 67504

2nd Runner Up- JAI KUMAR SINGH ( IND )
Caste - Rajput
Votes- 17839

4th Runner Up - SANJAY KUMAR ( JSP )
Caste - Jaiswal
Votes - 6406",78338,SHASHI SHANKAR KUMAR ALIAS RAJESH YADAV,RJD
Sahabad,34. Sasaram (SC),Sasaram,SNEHLATA,RLM,"Kushwaha
Votes - 105006
Runner Up - SATENDRA SAH ( RJD )
Caste - Vaish ( Bania )
Votes - 79563
2nd Runner Up - ASHOK KUMAR ( BSP )
Caste - Kushwaha
Votes - 10261
3rd Runner Up- BINAY KUMAR SINGH ( JSP )
Caste - Votes - 6495",105006,SATENDRA SAH,RJD
Sahabad,34. Sasaram (SC),Chenari (SC),MURARI PRASAD GAUTAM,LJP,"Ravidas
Votes - 95579

Runner Up - MANGAL RAM ( INC )
Caste - Ravidas
Votes - 73591
2nd Runner Up - NEHA KUMARI NATRAZ ( JSP )
Caste - Nat
Votes - 9404",95579,MANGAL RAM,INC
Sahabad,35. Karakat,Dehri,RAJEEV RANJAN SINGH,LJP,"Rajput
Votes - 104022

Runner Up - GUDDU KUMAR CHANDRAVANSHI ( RJD )
Caste - Kahar
Votes - 68054
2nd Runner Up - PHATE BAHADUR SINGH ( ASP )
Caste - Kushwaha
Votes - 7003
3rd Runner Up- PRADEEP LALLAN SINGH ( JSP )
Caste - Kahar
Votes - 4323",104022,GUDDU KUMAR CHANDRAVANSHI,RJD
Sahabad,35. Karakat,Karakat,ARUN SINGH,CPI-ML,"Kushwaha
Votes - 74157

Runner Up - MAHABALI SINGH ( JDU )
Caste - Kushwaha
Votes - 71321
2nd Runner Up - JYOTI SINGH ( IND )
Caste - Rajput
Votes - 23469
3rd Runner Up- YOGENDRA SINGH ( JSP )
Caste - Rajput
Votes - 7503
4th Runner Up - BANDANA RAJ ( BSP )
Caste - Yadav
Votes - 7377",74157,MAHABALI SINGH,JDU
Sahabad,35. Karakat,Nokha,Nagendar Chandravanshi,JDU,"Kahar
Votes - 93193
Runner Up- Anita Devi ( RJD )
Caste - Nonia
Votes - 69139
2nd Runner Up- Nasrullah Khan ( JSP )
Caste - Minority Votes - 4831
3rd Runner Up - Sunita Kumari ( BSP )
Caste - Votes - 4373",93193,Anita Devi,RJD
Sahabad,34. Sasaram (SC),Kargahar,Bashisth Singh,JDU,"Kurmi
Votes - 92485

Runner Up- Uday Pratap Singh ( BSP )
Catste - Kurmi
Votes - 56809

2nd Runner Up- Santosh Kumar Mishra ( INC )
Caste - Brahmin
Votes - 39333

3rd Runner Up - Ritesh Ranjan ( JSP )
Caste - Brahmin
Votes - 16298",92485,Uday Pratap Singh,BSP
Sahabad,33. Buxar,Ramgarh,SATISH KUMAR SINGH YADAV,BSP,"Yadav
Votes- 72689
Runner Up- ASHOK KUMAR SINGH ( BJP )
Caste - Rajput
Votes- 72659
2nd Runner Up- AJIT KUMAR ( RJD )
Caste - Rajput
Votes- 41480
3rd Runner Up- ANAND KUMAR SINGH ( JSP )
Caste - Rajput
Votes- 4426",72689,ASHOK KUMAR SINGH,BJP
Sahabad,34. Sasaram (SC),Mohania (SC),Sangita Kumari,BJP,"Ravidas
Votes - 76290

Runner Up- Ravi Shankar Paswan ( IND )
Caste - Dusadh 
Votes - 57538

2nd Runner Up- Omprakash Narayan ( BSP )
Caste - Ravidas
Votes - 32263

3rd Runner Up - Gita Devi ( JSP )
Caste - Pasi
Votes - 14128",76290,Ravi Shankar Paswan,IND
Sahabad,34. Sasaram (SC),Chainpur,Md Zama Khan,JDU,"Minority
Votes - 70876
Runner Up- Brij Kishore Bind ( RJD )
Caste - Bind
Votes - 62514
2nd Runner Up- Dhiraj Kumar Singh ( BSP )
Caste - Rajput
Votes - 51200
3rd Runner Up - Hemant Kumar Chaubey ( JSP )
Caste - Brahmin
Votes - 6877",70876,Brij Kishore Bind,RJD
Sahabad,34. Sasaram (SC),Bhabua,Bharat Bind,BJP,"Bind
Votes - 80039

Runner Up- Birendra Kumar Singh ( RJD )
Catste - Kushwaha
Votes - 55624

2nd Runner Up- Vikash Singh ( BSP )
Caste - Kurmi
Votes - 39711

3rd Runner Up - Jainendra Kumar Arya ( JSP )
Caste - Kanu
Votes - 6775",80039,Birendra Kumar Singh,RJD
Sahabad,32. Arrah,Shahpur,RAKESH RANJAN,BJP,"Brahmin
Votes- 88655
 
Runner Up- RAHUL TIWARY ( RJD )
Caste - Brahmin
Votes- 73430

2nd Runner Up- PADMA OJHA ( JSP )
Caste - Brahmin
Votes- 3948

3rd Runner Up- DHARMENDRA KUMAR ( BSP )
Caste - 
Votes- 2923",88655,RAHUL TIWARY,RJD
Sahabad,32. Arrah,Barhara,RAGHVENDRA PRATAP SINGH,BJP,"Rajput
Votes- 79593
 
Runner Up- ASHOK KUMAR SINGH ( RJD )
Caste - Rajput
Votes- 65190

2nd Runner Up- SURYA BHAN SINGH ( IND )
Caste - Rajput
Votes- 9268

5Th Runnerup - SAURABH SINGH YADAV ( JSP )
Caste - Yadav
Votes - 3189",79593,ASHOK KUMAR SINGH,RJD
Sahabad,32. Arrah,Arrah,SANJAY SINGH,TIGER,"Rajput
Votes - 94201

Runner Up - QUYAMUDDIN ANSARI ( CPI-ML )
Caste - Minority ( Ansari )
Votes - 74620

2nd Runner Up - DR VIJAY KUMAR GUPTA ( JSP )
Caste - Kanu
Votes - 5800",94201,QUYAMUDDIN ANSARI,CPI-ML
Sahabad,32. Arrah,Agiaon (SC),MAHESH PASWAN,BJP,"Dusadh
Votes - 69412
Runner Up - SHIV PRAKASH RANJAN ( CPI-ML )
Caste - Ravidas
Votes - 69317
2nd Runner Up - RAMESH KUMAR ( JSP )
Caste - Ravidas
Votes - 3882",69412,SHIV PRAKASH RANJAN,CPI-ML
Sahabad,32. Arrah,Sandesh,Radha Charan Sah,JDU,"Halwai ( Kanu )
Votes - 80598

Runner Up- Dipu Singh ( RJD )
Catste - Yadav
Votes - 80571

2nd Runner Up- Rajiv Ranjan Raj ( JSP )
Caste - Rajput
Votes - 6040

3rd Runner Up - Mukesh Singh ( IND )
Caste - 
Votes - 5399",80598,Dipu Singh,RJD
Sahabad,32. Arrah,Jagdishpur,Sribhagwan Singh Kushwaha,JDU,"Kushwaha
Votes - 92974

Runner Up- Kishore Kunal ( RJD )
Catste - Yadav
Votes - 74781

2nd Runner Up- Vijay Singh ( JSP )
Caste - Rajput
Votes - 5106

3rd Runner Up - Rajeev Ranjan ( IND )
Caste - 
Votes - 3272",92974,Kishore Kunal,RJD
Sahabad,32. Arrah,Tarari,Vishal Prashant,BJP,"Bhumiar
Votes - 96887

Runner Up- Madan Singh ( CPI-ML )
Caste - Kahar
Votes - 85423

2nd Runner Up- Rajendra Kumar Pathak ( IND )
Caste - Brahmin
Votes - 2634

3rd Runner Up - Chandrashekhar Singh ( JSP )
Caste - Rajput
Votes - 2271",96887,Madan Singh,CPI-ML
Sahabad,33. Buxar,Rajpur (SC),Santosh Kumar Nirala,JDU,"Ravidas
Votes - 80701

Runner Up- Vishwanath Ram (INC)
Caste - Ravidas
Votes - 71565

2nd Runner Up- Lal Jee Ram (BSP)
Caste - Ravidas
Votes - 20498

3rd Runner Up- Dhananjay Kumar (JSP)
Caste - Dusadh
Votes - 12491",80701,Vishwanath Ram,INC
Sahabad,33. Buxar,Buxar,Anand Mishra,BJP,"Brahmin 
Votes - 84901

Runner Up- Sanjay Kumar Tiwari ( INC )
Catste - Brahmin 
Votes - 56548

2nd Runner Up- Abhimanyu Maury ( BSP )
Caste - Kushwaha
Votes - 29118

3rd Runner Up - Tathaghat Harsh Vardhan (JSP)
Caste - Brahmin
Votes - 7920",84901,Sanjay Kumar Tiwari,INC
Sahabad,33. Buxar,Dumraon,Rahul Kumar Singh,JDU,"Rajput
Votes - 79411

Runner Up- Dr Ajit Kumar Singh ( CPI-ML )
Catste - Kushwaha
Votes - 77306

2nd Runner Up- Dadan Yadav ( BSP )
Caste - Yadav
Votes - 11127

3rd Runner Up - Shivang Vijay Singh ( JSP )
Caste - Rajput
Votes - 5273",79411,Dr Ajit Kumar Singh,CPI-ML
Seemanchal,10. Kishanganj,Thakurganj,Gopal Kumar Agarwal,JDU,"Baniya
Votes - 85243

Runner Up- Ghulam Hasnain (PARTY-UNKNOWN)
Caste - Muslim
Votes - 76421

2nd Runner Up- Saud Alam (RJD)
Caste - Muslim
Votes - 60036

3rd Runner Up- Md Ekramul Haque (JSP)
Caste - Muslim
Votes - 6806",85243,Ghulam Hasnain,PARTY-UNKNOWN
Seemanchal,10. Kishanganj,Kochadhaman,Md. Sarwar Alam,Muslim,N/A,81860,Mujahid Alam,Muslim
Seemanchal,10. Kishanganj,Bahadurganj,Md tauseef Alam,AIMIM,N/A,87315,Mohammad Masawar Alam,INC
Seemanchal,10. Kishanganj,Kishanganj,Md. Qamrul Hoda,Muslim,N/A,89669,Sweety Singh,Rajput
Seemanchal,11. Katihar,Kadwa,Dulal Chandra Goswami,JDU,N/A,99274,Shakeel Ahmad Khan,INC
Seemanchal,11. Katihar,Katihar,TARKISHORE PRASAD,BJP,N/A,100255,SAURAV KUMAR AGARWAL,VIP
Seemanchal,11. Katihar,Balrampur,SANGITA DEVI,LJP,N/A,80459,MAHBOOB ALAM,CPI-ML
Seemanchal,11. Katihar,Pranpur,Nisha Singh,BJP,"Rajput
Votes - 108565

Runner Up- Ishrat Parween ( RJD )
Caste - Minority
Votes - 100813

2nd Runner Up- Md Aftab Alam ( AIMIM )
Caste - Minority
Votes - 30163

3rd Runner Up- Subhashchandra Sah ( IND )
Caste - Kanu
Votes - 2048

4th Runner Up- Kunal Nishad ( JSP )
Caste - Mallah
Votes - 2467",108565,Ishrat Parween,RJD
Seemanchal,11. Katihar,Manihari (ST),MANOHAR PRASAD SINGH,INC,N/A,114754,SHAMBHU KUMAR SUMAN,JDU
Seemanchal,12. Purnia,Korha (SC),KAVITA DEVI,BJP,N/A,123495,PUNAM KUMARI,INC
Seemanchal,11. Katihar,Barari,Bijay Singh,JDU,"Dordhi
Votes - 107842

Runner Up- Tauquir Alam (INC)
Caste - Minority
Votes - 96858

2nd Runner Up- Md Matiur Rahman (AIMIM)
Caste - Minority
Votes - 5846

3rd Runner Up- Shivpujan Paswan (IND)
Caste - Dusadh
Votes - 4962

4th Runner Up- Pritam Prasoon (JSP)
Caste - Bania
Votes - 3026",107842,Tauquir Alam,INC
Seemanchal,12. Purnia,Kasba,Nitesh Kumar Singh,Rajput,N/A,86877,Md. Irfan Alam,Muslim
Seemanchal,12. Purnia,Rupauli,Kaladhar Prasad Mandal,JDU,"Mandal
Votes - 124826

Runner Up- Bima Bharti (RJD)
Caste - Gangota
Votes - 51254

2nd Runner Up- Shankar Singh (IND)
Caste - Rajput
Votes - 29986

3rd Runner Up- Shankar Ram (IND)
Caste - SC
Votes - 3115",124826,Bima Bharti,RJD
Seemanchal,10. Kishanganj,Amour,Akhtarul Iman,AIMIM,N/A,100836,Sabha Zafar,JDU
Seemanchal,10. Kishanganj,Baisi,Ghulam Sarwar,AIMIM,N/A,92766,Vinod Kumar,BJP
Seemanchal,12. Purnia,Banmankhi (SC),Krishna Kumar Rishi,Rishi,N/A,122494,Deo Narayan Rajak,Rajak
Seemanchal,12. Purnia,Dhamdaha,Leshi Singh,Rajput,N/A,138750,Santosh Kumar,Yadav
Seemanchal,12. Purnia,Purnia,Vijay Kumar Khemka,BJP,N/A,127614,Jitendra Kumar,INC
Seemanchal,9. Araria,Jokihat,MOHAMMAD MURSHID ALAM,AIMIM,N/A,83737,MANZAR ALAM,JDU
Seemanchal,9. Araria,Raniganj (SC),AVINASH MANGLAM,JDU,N/A,111590,ACHMIT RISHIDEV,JDU
Seemanchal,9. Araria,Sikti,VIJAY KUMAR MANDAL,BJP,N/A,111342,HARI NARAYAN PRAMANIK,VSIP
Seemanchal,9. Araria,Narpatganj,DEVANTI YADAV,BJP,N/A,120557,MANISH YADAV,RJD
Seemanchal,9. Araria,Araria,: Abidur Rahman,INC,N/A,0,: Shagufta Azim,JDU
Seemanchal,9. Araria,Forbesganj,Manoj BiswaS,INC,"Amat
Votes - 120114

Runner Up- Viday Sagar Kesari (BJP)
Caste - Kesarwani
Votes - 119893

2nd Runner Up- Fatima Khatun (RJSP)
Caste - Minority
Votes - 2151

3rd Runner Up- Raja Raman Bhashkar (IND)
Caste - Unknown
Votes - 1759

4th Runner Up- Subhash Chandra Agrawal (IND)
Caste - Marwadi
Votes - 1325

5th Runner Up- Md Ekramul Haque (JSP)
Caste - Minority
Votes - 977",120114,Viday Sagar Kesari,BJP
Koshi,8. Supaul,Pipra (Supaul),Rambilash Kamat,JDU,N/A,107041,Anil Kumar,CPI-ML
Koshi,8. Supaul,Nirmali,Aniruddha Prasad Yadav,JDU,"Yadav
Votes - 118904

Runner Up- Baidyanath Mehta (RJD)
Caste - Koeri/Kushwaha
Votes - 81594

2nd Runner Up- Ram Pravesh Kumar Yadav (JSP)
Caste - Yadav
Votes - 6877

3rd Runner Up- Siya Ram Mandal (IND)
Caste - Mandal
Votes - 2992",118904,Baidyanath Mehta,RJD
Koshi,8. Supaul,Triveniganj (SC),Sonam Rani,JDU,N/A,105262,Santosh Kumar,RJD
Koshi,8. Supaul,Chhatapur,Niraj Kumar Singh,BJP,N/A,122491,Dr. Vipin Kumar Singh,RJD
Koshi,8. Supaul,Supaul,BIJENDER PRASAD YADAY,JDU,N/A,109085,MINNATULLAH RAHMANI,INC
Koshi,13. Madhepura,Saharsa,Indrajeet Prasad Gupta,IIP,"Teli
Votes - 115036

Runner Up- Alok Ranjan (BJP)
Caste - Unknown
Votes - 112998

2nd Runner Up- Kishor Kumar (JSP)
Caste - Rajput
Votes - 12786",115036,Alok Ranjan,BJP
Koshi,25. Khagaria,Simri Bakhtiarpur,Sanjay Kumar Singh,LJP-R,"Rajput
Votes - 109699

Runner Up- Yusuf Salahuddin (RJD)
Caste - Muslim
Votes - 101769

2nd Runner Up- Vikash Raj (IND)
Caste - Rajput
Votes - 7493

3rd Runner Up- Surendra Kumar Yadav (JSP)
Caste - Yadav
Votes - 2270Simri Bakhtiarpur

MLA- Sanjay Kumar Singh (LJP (RV))
Caste - Rajput
Votes - 109699

Runner Up- Yusuf Salahuddin (RJD)
Caste - Muslim
Votes - 101769

2nd Runner Up- Vikash Raj (IND)
Caste - Rajput
Votes - 7493

3rd Runner Up- Surendra Kumar Yadav (JSP)
Caste - Yadav
Votes - 2270",109699,Yusuf Salahuddin,RJD
Koshi,13. Madhepura,Mahishi,Gautam Krishna,Yadav,N/A,93752,Gunjeshwar Sah,Vaishya
Koshi,13. Madhepura,Sonbarsha (SC),Ratnesh Sada,JDU,"Musahar
Votes - 97833

Runner Up- Sarita Devi (INC)
Caste - Unknown
Votes - 84379

2nd Runner Up- Satyendra Kumar (JSP)
Caste - Dusadh
Votes - 5655

3rd Runner Up- Kiran Devi (BSP)
Caste - Unknown
Votes - 5019",97833,Sarita Devi,INC
Koshi,13. Madhepura,Madhepura,Chandra Shekhar,Yadav,N/A,108464,Kavita Kumari Saha,Vaishya/Saha
Koshi,13. Madhepura,Bihariganj,Niranjan Kumar Mehta,JDU,"Koeri/Kushwaha
Votes - 116622
Runner Up- Renu Kumari (RJD)
Caste - Yadav
Votes - 85000
2nd Runner Up- Karn Kumar Mishra (IND)
Caste - Brahmin
Votes - 5372
3rd Runner Up- Amlesh Roy (JSP)
Caste - Yadav
Votes - 4486",116622,Renu Kumari,RJD
Koshi,13. Madhepura,Alamnagar,NARENDAR NARAYAN YADAV,JDU,N/A,138401,NABIN KUMAR,VSIP
Koshi,8. Supaul,Singheshwar (SC),Ramesh Rishi,JDU,N/A,106416,Chandrahas Chaupal,RJD
Koshi,25. Khagaria,Parbatta,BABULAL SHORYA,LJP,N/A,118677,DOCTOR SANJEEV KUMAR,RJD
Koshi,25. Khagaria,Alauli (SC),Ramchandra Sada,JDU,"Musahar 
Votes- 93208
Runner Up- Rambriksha Sada (RJD) 
Caste -  Musahar
Votes- 57476
2nd Runner Up- Yash Raj (RLJP) 
Caste -  Dusadh 
Votes- 14261 
3rd Runner Up- Abhishank Kumar (JSP) 
Caste -  Passi
Votes- 7476",93208,Rambriksha Sada,RJD
Koshi,25. Khagaria,Beldaur,Panna Lal Singh Patel,JDU,N/A,106262,Mithilesh Kumar Nishad,INC
Koshi,25. Khagaria,Khagaria,Bablu Kumar,JDU,N/A,93988,Chandan Kumar Yadav,INC
Samastipur,24. Begusarai,Matihani,"NARENDRA KUMAR SINGH ""BOGO SINGH""",RJD,N/A,117789,RAJ KUMAR SINGH,JDU
Samastipur,24. Begusarai,Bachhwara,Surendra Mehta,BJP,N/A,100343,Abdesh Kumar Rai,CPI
Samastipur,24. Begusarai,Sahebpur Kamal,Sattanand Sambuddha Urf Lallan Jee,RJD,N/A,76798,Surendra Kumar Urf Surendra Vivek,LJP
Samastipur,24. Begusarai,Begusarai,KUNDAN KUMAR,BJP,N/A,119506,AMITA BHUSHAN,INC
Samastipur,24. Begusarai,Cheria-Bariarpur,Abhishek Anand,JDU,"Koeri
Votes - 75081

Runner Up- Sushil Kumar (RJD)
Caste - Koeri
Votes - 70962

2nd Runner Up- Mritunjay Kumar (JSP)
Caste - Bhumihar
Votes - 24595

3rd Runner Up- Ram Sakha Mahto (IND)
Caste - Koeri
Votes - 7537",75081,Sushil Kumar,RJD
Samastipur,24. Begusarai,Teghra,RAJNISH KUMAR,BJP,N/A,112770,RAM RATAN SINGH,CPI
Samastipur,24. Begusarai,Bakhri (SC),SANJAY KUMAR,LJP,N/A,98511,SURYAKANT PASWAN,CPI
Patna,30. Patna Sahib,Patna Sahib,Ratnesh Kumar,BJP,N/A,130366,Shashant Shekhar,INC
Patna,31. Pataliputra,Phulwari (SC),Shyam Rajak,JDU,N/A,126470,Gopal Ravidas,CPI-ML
Patna,31. Pataliputra,Maner,Bhai Birendra,RJD,N/A,110798,Jidendra Yadav,LJP-R
Patna,28. Munger,Barh,Siyaram Singh,BJP,N/A,99446,Karanveer Singh Yadav,RJD
Patna,31. Pataliputra,Masaurhi (SC),Arun Manjhi,JDU,N/A,106505,Rekha Devi,RJD
Patna,30. Patna Sahib,Digha,Sanjiv Chaurasia,BJP,N/A,111001,Divya Gautam,CPI-ML
Patna,30. Patna Sahib,Bankipur,Nitin Nabin,BJP,N/A,98299,Rekha Kumari,RJD
Patna,30. Patna Sahib,Kumhrar,Sanjay Kumar,BJP,N/A,100485,Indradeep Kumar Chandravanshi,INC
Patna,31. Pataliputra,Paliganj,Sandeep Saurav,CPI-ML,N/A,81105,Sunil Kumar,LJP-R
Patna,31. Pataliputra,Bikram,Sidhart Saurav,BJP,N/A,101189,Anil Kumar,INC
Patna,30. Patna Sahib,Fatuha,Dr Ramnandan Yadav,RJD,N/A,90558,Rupa Kumari,LJP-R
Patna,30. Patna Sahib,Bakhtiyarpur,Arun Kumar,LJP-R,N/A,88520,Anirudh Kumar,RJD
Patna,28. Munger,Mokama,Anant Kumar Singh,JDU,N/A,91416,Veena Devi,RJD
Munger,40. Jamui (SC),Tarapur,Samrat Chaudhary,BJP,N/A,122480,Arun Kumar,RJD
Munger,28. Munger,Jamalpur,Nachiketa,JDU,"Dhanuk
Votes - 96683
Runner Up- Narendra Kumar (IIP)
Caste - Tanti
Votes - 60455
2nd Runner Up- Shivdeep W. Lande (IND)
Caste - Brahmin
Votes - 15655
3rd Runner Up- Lalan Jee (JSP)
Caste - Yadav
Votes - 3863",96683,Narendra Kumar,IIP
Munger,40. Jamui (SC),Sikandra (SC),Praphull Kumar Manjhi,HAM,N/A,91603,Uday Narain Chaudhary,RJD
Munger,40. Jamui (SC),Jamui,Shreyasi Singh,BJP,N/A,123868,Md Shamsad Alam,RJD
Munger,40. Jamui (SC),Jhajha,Damodar rawat,JDU,N/A,108317,Jay Prakash Narayan Yadav,RJD
Munger,40. Jamui (SC),Chakai,Savitri Devi,RJD,N/A,80357,Sumit Kumar Singh,JDU
Munger,27. Banka,Katoria (ST),Puran Lal Tudu,BJP,N/A,94260,Sweety Sima Hembrom,RJD
Munger,27. Banka,Dhoraiya (SC),Manish Kumar,JDU,N/A,113011,Tribhuwan Prasad,RJD
Munger,27. Banka,Belhar,Manoj Yadav,JDU,N/A,115393,Chanakya Prakash Ranjan,RJD
Munger,27. Banka,Amarpur,Jayant Raj,JDU,N/A,103944,Jitendra Singh,INC
Munger,27. Banka,Banka,Ram Narayan Mandal,BJP,N/A,95588,Sanjay Kumar,CPI
Nalanda,40. Jamui (SC),Sheikhpura,Randhir Kumar Soni,JDU,N/A,82922,Vijay Kumar,RJD
Nalanda,39. Nawada,Barbigha,Dr. Kumar Puspanjay,JDU,N/A,61882,Trishuldhari Singh,INC
Nalanda,28. Munger,Suryagarha,Ramanand Mandal,JDU,N/A,101968,Premsagar Choudhary,RJD
Nalanda,28. Munger,Lakhisarai,Vijay Kumar Sinha,BJP,N/A,122408,Amresh Kumar,INC
Munger,26. Bhagalpur,Bhagalpur,Rohit Pandey,BJP,N/A,100770,Ajeet Sharma,INC
Munger,26. Bhagalpur,Kahalgaon,Shubhanand Mukesh,JDU,N/A,130767,Rajnish Bharti,RJD
Munger,26. Bhagalpur,Bihpur,Kumar Shailendra,BJP,N/A,91458,Arpana Kumari,VIP
Munger,26. Bhagalpur,Pirpainti (SC),Murari Paswan,BJP,N/A,140608,Ram Vilas Pasvan,RJD
Munger,27. Banka,Sultanganj,Lalit Narayan Mandal,JDU,N/A,108712,Chandan Kumar Sinha,RJD
Munger,26. Bhagalpur,Nathnagar,Mithun Kumar,LJP-R,N/A,118143,Sheikh Zeyaul Hassan,RJD
Munger,26. Bhagalpur,Gopalpur,Shailesh Kumar Alias Bulo Mandal,JDU,N/A,108630,Prem sagar Alias Dablu yadav,VIP
Nalanda,29. Nalanda,Islampur,Ruhail Ranjan,JDU,N/A,100487,Rakesh Kumar Raushan,RJD
Nalanda,29. Nalanda,Harnaut,Hari Narayan Singh,JDU,N/A,106954,Arun Kumar,INC
Nalanda,29. Nalanda,Asthawan,Jitendar Kumar,JDU,N/A,90542,Ravi Ranjan Kumar,RJD
Nalanda,29. Nalanda,Biharsharif,Dr Sunil Kumar,BJP,N/A,109304,Omair Khan,INC
Nalanda,29. Nalanda,Nalanda,Shrawon Kumar,JDU,N/A,105432,Kaushalendar Kumar,INC
Nalanda,29. Nalanda,Hilsa,Krishna Murari Sharan,JDU,N/A,96009,Atri Muni / Shakti Singh Yadav,RJD
Nalanda,29. Nalanda,Rajgir (SC),Kaushal Kishore,JDU,N/A,107811,Bishwanath Chaudhary,CPI-ML
Nalanda,39. Nawada,Hisua,Anil Singh,BJP,N/A,95885,Nitu Kumari,INC
Nalanda,39. Nawada,Warsaliganj,Anita,RJD,N/A,97833,Aruna Devi,BJP
Nalanda,39. Nawada,Nawada,Vibha Devi,JDU,N/A,87423,Kaushal Yadav,RJD
Nalanda,39. Nawada,Gobindpur,Binita Mehta,LJP-R,N/A,72581,Purnima Yadav,RJD
Nalanda,39. Nawada,Rajauli (SC),Vimal Rajbanshi,LJP-R,N/A,90272,Pinki Bharti,RJD
Sahabad,33. Buxar,Brahampur,Shambhu Nath Yadav,RJD,"Yadav
Votes - 95828
Runner Up - Hulas Pande ( LJP )
Caste- Bhumiar
Votes - 92608
2nd Runner Up - Mahavir Yadav ( BSP )
Caste- Yadav
Votes - 4599
3rd Runner Up- Manish Bhushan Ojha ( IND )
Caste- Brahmin Votes - 2751",95828,Hulas Pande,LJP
Munger,28. Munger,Munger,Kumar Pranay,BJP,N/A,108028,Avinash Kumar Vidyarthi,RJD
Patna,31. Pataliputra,Danapur,Ram Kirpal Yadav,BJP,N/A,119877,Rit Lal Yadav,RJD
