constituency,winner,winner_party,winner_votes,runner,runner_party,runner_votes
1. Valmiki Nagar,Sunil Kumar,JDU,523422,Deepak Yadav,RJD,424747
,N/A,N/A,0,N/A,N/A,0
,N/A,N/A,0,N/A,N/A,0
,N/A,N/A,0,N/A,N/A,0
,N/A,N/A,0,N/A,N/A,0
,N/A,N/A,0,N/A,N/A,0
2. Paschim Champaran,Dr. Sanjay Jaiswal,BJP,580421,Madan Mohan Tiwari,INC,443953
,N/A,N/A,0,N/A,N/A,0
,N/A,N/A,0,N/A,N/A,0
,N/A,N/A,0,N/A,N/A,0
,N/A,N/A,0,N/A,N/A,0
,N/A,N/A,0,N/A,N/A,0
3. Purvi Champaran,Radha Mohan Singh,BJP,542193,Dr. Rajesh Kumar,VIP,453865
,N/A,N/A,0,N/A,N/A,0
,N/A,N/A,0,N/A,N/A,0
,N/A,N/A,0,N/A,N/A,0
,N/A,N/A,0,N/A,N/A,0
,N/A,N/A,0,N/A,N/A,0
4. Sheohar,Lovely Anand,JDU,476612,Ritu Jaiswal,RJD,447469
,N/A,N/A,0,N/A,N/A,0
,N/A,N/A,0,N/A,N/A,0
,N/A,N/A,0,N/A,N/A,0
,N/A,N/A,0,N/A,N/A,0
,N/A,N/A,0,N/A,N/A,0
5. Sitamarhi,Devesh Chandra Thakur,JDU,515719,Arjun Rai,RJD,464463
,N/A,N/A,0,N/A,N/A,0
,N/A,N/A,0,N/A,N/A,0
,N/A,N/A,0,N/A,N/A,0
,N/A,N/A,0,N/A,N/A,0
,N/A,N/A,0,N/A,N/A,0
6. Madhubani,Ashok Kumar Yadav,BJP,553428,Ali Ashraf Fatmi,RJD,401483
,N/A,N/A,0,N/A,N/A,0
,N/A,N/A,0,N/A,N/A,0
,N/A,N/A,0,N/A,N/A,0
,N/A,N/A,0,N/A,N/A,0
,N/A,N/A,0,N/A,N/A,0
7. Jhanjharpur,Ramprit Mandal,JDU,533032,Suman Kumar Mahaseth,VIP,348863
,N/A,N/A,0,N/A,N/A,0
,N/A,N/A,0,N/A,N/A,0
,N/A,N/A,0,N/A,N/A,0
,N/A,N/A,0,N/A,N/A,0
,N/A,N/A,0,N/A,N/A,0
8. Supaul,Dileshwar Kamait,JDU,595038,Chandrahas Chaupal,RJD,425235
,N/A,N/A,0,N/A,N/A,0
,N/A,N/A,0,N/A,N/A,0
,N/A,N/A,0,N/A,N/A,0
,N/A,N/A,0,N/A,N/A,0
,N/A,N/A,0,N/A,N/A,0
9. Araria,Pradeep Kumar Singh,BJP,600146,M. Shahnawaz Alam,RJD,580052
,N/A,N/A,0,N/A,N/A,0
,N/A,N/A,0,N/A,N/A,0
,N/A,N/A,0,N/A,N/A,0
,N/A,N/A,0,N/A,N/A,0
,N/A,N/A,0,N/A,N/A,0
10. Kishanganj,Mohammad Jawed,INC,402850,Mujahid Alam,JDU,343158
,N/A,N/A,0,N/A,N/A,0
,N/A,N/A,0,N/A,N/A,0
,N/A,N/A,0,N/A,N/A,0
,N/A,N/A,0,N/A,N/A,0
,N/A,N/A,0,N/A,N/A,0
11. Katihar,Tariq Anwar,INC,567092,Dulal Chandra Goswami,JDU,517229
,N/A,N/A,0,N/A,N/A,0
,N/A,N/A,0,N/A,N/A,0
,N/A,N/A,0,N/A,N/A,0
,N/A,N/A,0,N/A,N/A,0
,N/A,N/A,0,N/A,N/A,0
12. Purnia,Rajesh Ranjan @ Pappu Yadav,IND,567556,Santosh Kushwaha,JDU,543709
,N/A,N/A,0,N/A,N/A,0
,N/A,N/A,0,N/A,N/A,0
,N/A,N/A,0,N/A,N/A,0
,N/A,N/A,0,N/A,N/A,0
,N/A,N/A,0,N/A,N/A,0
13. Madhepura,Dinesh Chandra Yadav,JDU,640649,Kumar Chandradeep,RJD,466115
,N/A,N/A,0,N/A,N/A,0
,N/A,N/A,0,N/A,N/A,0
,N/A,N/A,0,N/A,N/A,0
,N/A,N/A,0,N/A,N/A,0
,N/A,N/A,0,N/A,N/A,0
14. Darbhanga,Gopal Jee Thakur,BJP,566630,Lalit Kumar Yadav,RJD,388474
,N/A,N/A,0,N/A,N/A,0
,N/A,N/A,0,N/A,N/A,0
,N/A,N/A,0,N/A,N/A,0
,N/A,N/A,0,N/A,N/A,0
,N/A,N/A,0,N/A,N/A,0
15. Muzaffarpur,Raj Bhushan Nishad,BJP,619749,Ajay Nishad,INC,384822
,N/A,N/A,0,N/A,N/A,0
,N/A,N/A,0,N/A,N/A,0
,N/A,N/A,0,N/A,N/A,0
,N/A,N/A,0,N/A,N/A,0
,N/A,N/A,0,N/A,N/A,0
16. Vaishali,Veena Devi,LJPRV,567043,Vijay Kumar Shukla,RJD,477373
,N/A,N/A,0,N/A,N/A,0
,N/A,N/A,0,N/A,N/A,0
,N/A,N/A,0,N/A,N/A,0
,N/A,N/A,0,N/A,N/A,0
,N/A,N/A,0,N/A,N/A,0
17. Gopalganj (SC),Alok Kumar Suman,JDU,518445,Prem Nath Chanchal,VIP,249265
,N/A,N/A,0,N/A,N/A,0
,N/A,N/A,0,N/A,N/A,0
,N/A,N/A,0,N/A,N/A,0
,N/A,N/A,0,N/A,N/A,0
,N/A,N/A,0,N/A,N/A,0
18. Siwan,Vijay Lakshmi Devi,JDU,386508,Hena Shahab,IND,293651
,N/A,N/A,0,N/A,N/A,0
,N/A,N/A,0,N/A,N/A,0
,N/A,N/A,0,N/A,N/A,0
,N/A,N/A,0,N/A,N/A,0
,N/A,N/A,0,N/A,N/A,0
19. Maharajganj,Janardan Singh Sigriwal,BJP,529533,Akash Prasad Singh,INC,426882
,N/A,N/A,0,N/A,N/A,0
,N/A,N/A,0,N/A,N/A,0
,N/A,N/A,0,N/A,N/A,0
,N/A,N/A,0,N/A,N/A,0
,N/A,N/A,0,N/A,N/A,0
20. Saran,Rajiv Pratap Rudy,BJP,471752,Rohini Acharya,RJD,458091
,N/A,N/A,0,N/A,N/A,0
,N/A,N/A,0,N/A,N/A,0
,N/A,N/A,0,N/A,N/A,0
,N/A,N/A,0,N/A,N/A,0
,N/A,N/A,0,N/A,N/A,0
21. Hajipur (SC),Chirag Paswan,LJPRV,615718,Shiv Chandra Ram,RJD,445613
,N/A,N/A,0,N/A,N/A,0
,N/A,N/A,0,N/A,N/A,0
,N/A,N/A,0,N/A,N/A,0
,N/A,N/A,0,N/A,N/A,0
,N/A,N/A,0,N/A,N/A,0
22. Ujiarpur,Nityanand Rai,BJP,515965,Alok Kumar Mehta,RJD,455863
,N/A,N/A,0,N/A,N/A,0
,N/A,N/A,0,N/A,N/A,0
,N/A,N/A,0,N/A,N/A,0
,N/A,N/A,0,N/A,N/A,0
,N/A,N/A,0,N/A,N/A,0
23. Samastipur (SC),Shambhavi Choudhary,LJPRV,579786,Sunny Hazari,INC,392535
,N/A,N/A,0,N/A,N/A,0
,N/A,N/A,0,N/A,N/A,0
,N/A,N/A,0,N/A,N/A,0
,N/A,N/A,0,N/A,N/A,0
,N/A,N/A,0,N/A,N/A,0
24. Begusarai,Giriraj Singh,BJP,649331,Abdhus Samad,CPI,567851
,N/A,N/A,0,N/A,N/A,0
,N/A,N/A,0,N/A,N/A,0
,N/A,N/A,0,N/A,N/A,0
,N/A,N/A,0,N/A,N/A,0
,N/A,N/A,0,N/A,N/A,0
,N/A,N/A,0,N/A,N/A,0
25. Khagaria,Rajesh Verma,LJPRV,537862,Sanjay Kumar,CPIM,376731
,N/A,N/A,0,N/A,N/A,0
,N/A,N/A,0,N/A,N/A,0
,N/A,N/A,0,N/A,N/A,0
,N/A,N/A,0,N/A,N/A,0
,N/A,N/A,0,N/A,N/A,0
26. Bhagalpur,Ajay Kumar Mandal,JDU,536031,Ajeet Sharma,INC,431163
,N/A,N/A,0,N/A,N/A,0
,N/A,N/A,0,N/A,N/A,0
,N/A,N/A,0,N/A,N/A,0
,N/A,N/A,0,N/A,N/A,0
,N/A,N/A,0,N/A,N/A,0
27. Banka,Giridhari Yadav,JDU,476677,Jai Prakash N. Yadav,RJD,372833
,N/A,N/A,0,N/A,N/A,0
,N/A,N/A,0,N/A,N/A,0
,N/A,N/A,0,N/A,N/A,0
,N/A,N/A,0,N/A,N/A,0
,N/A,N/A,0,N/A,N/A,0
28. Munger,Rajiv Ranjan Singh,JDU,551767,Kumari Anita,RJD,470897
,N/A,N/A,0,N/A,N/A,0
,N/A,N/A,0,N/A,N/A,0
,N/A,N/A,0,N/A,N/A,0
,N/A,N/A,0,N/A,N/A,0
,N/A,N/A,0,N/A,N/A,0
29. Nalanda,Kaushalendra Kumar,JDU,521988,Sandeep Saurav,CPIML,352874
,N/A,N/A,0,N/A,N/A,0
,N/A,N/A,0,N/A,N/A,0
,N/A,N/A,0,N/A,N/A,0
,N/A,N/A,0,N/A,N/A,0
,N/A,N/A,0,N/A,N/A,0
,N/A,N/A,0,N/A,N/A,0
30. Patna Sahib,Ravi Shankar Prasad,BJP,588270,Anshul Avijit,INC,434424
,N/A,N/A,0,N/A,N/A,0
,N/A,N/A,0,N/A,N/A,0
,N/A,N/A,0,N/A,N/A,0
,N/A,N/A,0,N/A,N/A,0
,N/A,N/A,0,N/A,N/A,0
31. Pataliputra,Misa Bharti,RJD,613283,Ram Kripal Yadav,BJP,528109
,N/A,N/A,0,N/A,N/A,0
,N/A,N/A,0,N/A,N/A,0
,N/A,N/A,0,N/A,N/A,0
,N/A,N/A,0,N/A,N/A,0
,N/A,N/A,0,N/A,N/A,0
32. Arrah,Sudama Prasad,CPIML,529382,R. K. Singh,BJP,469574
,N/A,N/A,0,N/A,N/A,0
,N/A,N/A,0,N/A,N/A,0
,N/A,N/A,0,N/A,N/A,0
,N/A,N/A,0,N/A,N/A,0
,N/A,N/A,0,N/A,N/A,0
,N/A,N/A,0,N/A,N/A,0
33. Buxar,Sudhakar Singh,RJD,438345,Mithilesh Tiwari,BJP,408254
,N/A,N/A,0,N/A,N/A,0
,N/A,N/A,0,N/A,N/A,0
,N/A,N/A,0,N/A,N/A,0
,N/A,N/A,0,N/A,N/A,0
,N/A,N/A,0,N/A,N/A,0
34. Sasaram (SC),Manoj Kumar,INC,433767,Shivesh Ram,BJP,414610
,N/A,N/A,0,N/A,N/A,0
,N/A,N/A,0,N/A,N/A,0
,N/A,N/A,0,N/A,N/A,0
,N/A,N/A,0,N/A,N/A,0
,N/A,N/A,0,N/A,N/A,0
35. Karakat,Raja Ram Singh,CPIML,380581,Pawan Singh,IND,274723
,N/A,N/A,0,N/A,N/A,0
,N/A,N/A,0,N/A,N/A,0
,N/A,N/A,0,N/A,N/A,0
,N/A,N/A,0,N/A,N/A,0
,N/A,N/A,0,N/A,N/A,0
36. Jehanabad,Surendra Prasad Yadav,RJD,443035,Chandeshwar Prasad,JDU,300444
,N/A,N/A,0,N/A,N/A,0
,N/A,N/A,0,N/A,N/A,0
,N/A,N/A,0,N/A,N/A,0
,N/A,N/A,0,N/A,N/A,0
,N/A,N/A,0,N/A,N/A,0
37. Aurangabad,Abhay Kushwaha,RJD,465567,Sushil Kumar Singh,BJP,386456
,N/A,N/A,0,N/A,N/A,0
,N/A,N/A,0,N/A,N/A,0
,N/A,N/A,0,N/A,N/A,0
,N/A,N/A,0,N/A,N/A,0
,N/A,N/A,0,N/A,N/A,0
38. Gaya (SC),Jitan Ram Manjhi,HAM,494960,Kumar Sarvjeet,RJD,393148
,N/A,N/A,0,N/A,N/A,0
,N/A,N/A,0,N/A,N/A,0
,N/A,N/A,0,N/A,N/A,0
,N/A,N/A,0,N/A,N/A,0
,N/A,N/A,0,N/A,N/A,0
39. Nawada,Vivek Thakur,BJP,410506,Shravan Kumar,RJD,342836
,N/A,N/A,0,N/A,N/A,0
,N/A,N/A,0,N/A,N/A,0
,N/A,N/A,0,N/A,N/A,0
,N/A,N/A,0,N/A,N/A,0
,N/A,N/A,0,N/A,N/A,0
40. Jamui (SC),Arun Bharti,LJPRV,509047,Archana Ravidas,RJD,396565
