id,constituency,winner,party,votes
1,List of Candidates in NARPATGANJ : ARARIA Bihar 2025,BJP,0,53
2,List of Candidates in RANIGANJ (SC) : ARARIA Bihar 2025,RJD,12th Pass,38
3,List of Candidates in FORBESGANJ : ARARIA Bihar 2025,INC,Graduate Professional,38
4,List of Candidates in ARARIA : ARARIA Bihar 2025,INC,10th Pass,60
5,List of Candidates in JOKIHAT : ARARIA Bihar 2025,All India Majlis-E-Ittehadul Muslimeen,12th Pass,55
6,List of Candidates in SIKTI : ARARIA Bihar 2025,BJP,0,62
7,List of Candidates in ARWAL : ARWAL Bihar 2025,BJP,12th Pass,49
8,List of Candidates in KURTHA : ARWAL Bihar 2025,JD(U),0,47
9,List of Candidates in GOH : AURANGABAD Bihar 2025,RJD,0,39
10,List of Candidates in OBRA : AURANGABAD Bihar 2025,Lok Janshakti Party (Ram Vilas),Doctorate,47
11,List of Candidates in NABINAGAR : AURANGABAD Bihar 2025,JD(U),Graduate Professional,33
12,List of Candidates in KUTUMBA (SC) : AURANGABAD Bihar 2025,Hindustani Awam Morcha (Secular),Post Graduate,50
13,List of Candidates in AURANGABAD : AURANGABAD Bihar 2025,BJP,0,46
14,List of Candidates in RAFIGANJ : AURANGABAD Bihar 2025,JD(U),12th Pass,59
15,List of Candidates in AMARPUR : BANKA Bihar 2025,JD(U),0,40
16,List of Candidates in DHORAIYA (SC) : BANKA Bihar 2025,JD(U),12th Pass,50
17,List of Candidates in BANKA : BANKA Bihar 2025,BJP,Literate,72
18,List of Candidates in KATORIA (ST) : BANKA Bihar 2025,BJP,0,37
19,List of Candidates in BELHAR : BANKA Bihar 2025,JD(U),12th Pass,45
20,List of Candidates in CHERIA - BARIARPUR : BEGUSARAI Bihar 2025,JD(U),0,42
21,List of Candidates in BACHHWARA : BEGUSARAI Bihar 2025,BJP,0,66
22,List of Candidates in TEGHRA : BEGUSARAI Bihar 2025,BJP,Graduate Professional,52
23,List of Candidates in MATIHANI : BEGUSARAI Bihar 2025,RJD,12th Pass,59
24,List of Candidates in SAHEBPUR KAMAL : BEGUSARAI Bihar 2025,RJD,0,60
25,List of Candidates in BEGUSARAI : BEGUSARAI Bihar 2025,BJP,Post Graduate,48
26,List of Candidates in BAKHRI (SC) : BEGUSARAI Bihar 2025,Lok Janshakti Party (Ram Vilas),Graduate,52
27,List of Candidates in BIHPUR : BHAGALPUR Bihar 2025,BJP,0,58
28,List of Candidates in GOPALPUR : BHAGALPUR Bihar 2025,JD(U),0,49
29,List of Candidates in PIRPAINTI (SC) : BHAGALPUR Bihar 2025,BJP,8th Pass,54
30,List of Candidates in KAHALGAON : BHAGALPUR Bihar 2025,JD(U),0,47
31,List of Candidates in BHAGALPUR : BHAGALPUR Bihar 2025,BJP,Graduate,42
32,List of Candidates in SULTANGANJ : BHAGALPUR Bihar 2025,JD(U),0,67
33,List of Candidates in NATHNAGAR : BHAGALPUR Bihar 2025,Lok Janshakti Party (Ram Vilas),Graduate,39
34,List of Candidates in SANDESH : BHOJPUR Bihar 2025,JD(U),8th Pass,67
35,List of Candidates in BARHARA : BHOJPUR Bihar 2025,BJP,10th Pass,72
36,List of Candidates in ARRAH : BHOJPUR Bihar 2025,BJP,0,55
37,List of Candidates in AGIAON (SC) : BHOJPUR Bihar 2025,BJP,0,48
38,List of Candidates in TARARI : BHOJPUR Bihar 2025,BJP,0,35
39,List of Candidates in JAGDISHPUR : BHOJPUR Bihar 2025,JD(U),10th Pass,61
40,List of Candidates in SHAHPUR : BHOJPUR Bihar 2025,BJP,Graduate Professional,30
41,List of Candidates in BRAHAMPUR : BUXAR Bihar 2025,RJD,10th Pass,61
42,List of Candidates in BUXAR : BUXAR Bihar 2025,BJP,Post Graduate,44
43,List of Candidates in DUMRAON : BUXAR Bihar 2025,JD(U),0,38
44,List of Candidates in RAJPUR (SC) : BUXAR Bihar 2025,JD(U),Graduate Professional,50
45,List of Candidates in KUSHESHWAR ASTHAN (SC) : DARBHANGA Bihar 2025,JD(U),0,42
46,List of Candidates in JALE : DARBHANGA Bihar 2025,BJP,Doctorate,52
47,List of Candidates in KEOTI : DARBHANGA Bihar 2025,BJP,Doctorate,68
48,List of Candidates in BAHADURPUR : DARBHANGA Bihar 2025,JD(U),Graduate,58
49,List of Candidates in HAYAGHAT : DARBHANGA Bihar 2025,BJP,Doctorate,58
50,List of Candidates in DARBHANGA : DARBHANGA Bihar 2025,BJP,Post Graduate,55
51,List of Candidates in DARBHANGA RURAL : DARBHANGA Bihar 2025,JD(U),Graduate,44
52,List of Candidates in ALINAGAR : DARBHANGA Bihar 2025,BJP,0,25
53,List of Candidates in BENIPUR : DARBHANGA Bihar 2025,JD(U),0,59
54,List of Candidates in GAURA BAURAM : DARBHANGA Bihar 2025,BJP,0,54
55,Page Not Found!!,N/A,N/A,0
56,List of Candidates in GURUA : GAYA Bihar 2025,BJP,Doctorate,61
57,List of Candidates in IMAMGANJ (SC) : GAYA Bihar 2025,Hindustani Awam Morcha (Secular),0,45
58,List of Candidates in WAZIRGANJ : GAYA Bihar 2025,BJP,Graduate,70
59,List of Candidates in ATRI : GAYA Bihar 2025,Hindustani Awam Morcha (Secular),0,37
60,List of Candidates in BELAGANJ : GAYA Bihar 2025,JD(U),Post Graduate,56
61,List of Candidates in TIKARI : GAYA Bihar 2025,RJD,0,47
62,List of Candidates in GAYA TOWN : GAYA Bihar 2025,BJP,Doctorate,70
63,List of Candidates in BODH GAYA (SC) : GAYA Bihar 2025,RJD,Graduate Professional,50
64,List of Candidates in BARACHATTI (SC) : GAYA Bihar 2025,Hindustani Awam Morcha (Secular),0,60
65,List of Candidates in SHERGHATI : GAYA Bihar 2025,Lok Janshakti Party (Ram Vilas),Graduate Professional,52
66,Page Not Found!!,N/A,N/A,0
67,List of Candidates in BAIKUNTHPUR : GOPALGANJ Bihar 2025,BJP,Graduate,54
68,List of Candidates in BARAULI : GOPALGANJ Bihar 2025,JD(U),Graduate,53
69,List of Candidates in GOPALGANJ : GOPALGANJ Bihar 2025,BJP,12th Pass,49
70,List of Candidates in KUCHAIKOTE : GOPALGANJ Bihar 2025,JD(U),12th Pass,51
71,List of Candidates in BHORE (SC) : GOPALGANJ Bihar 2025,JD(U),0,65
72,List of Candidates in HATHUA : GOPALGANJ Bihar 2025,JD(U),0,53
73,List of Candidates in JEHANABAD : JAHANABAD Bihar 2025,RJD,0,41
74,List of Candidates in GHOSI : JAHANABAD Bihar 2025,JD(U),Graduate Professional,36
75,List of Candidates in MAKHDUMPUR (SC) : JAHANABAD Bihar 2025,RJD,0,60
76,List of Candidates in SIKANDRA (SC) : JAMUI Bihar 2025,Hindustani Awam Morcha (Secular),0,58
77,List of Candidates in JAMUI : JAMUI Bihar 2025,BJP,0,34
78,List of Candidates in JHAJHA : JAMUI Bihar 2025,JD(U),0,66
79,List of Candidates in CHAKAI : JAMUI Bihar 2025,RJD,0,77
80,List of Candidates in RAMGARH : KAIMUR (BHABUA) Bihar 2025,BSP,Post Graduate,39
81,List of Candidates in MOHANIA (SC) : KAIMUR (BHABUA) Bihar 2025,BJP,0,40
82,List of Candidates in BHABUA : KAIMUR (BHABUA) Bihar 2025,BJP,10th Pass,67
83,List of Candidates in CHAINPUR : KAIMUR (BHABUA) Bihar 2025,JD(U),12th Pass,52
84,List of Candidates in KATIHAR : KATIHAR Bihar 2025,BJP,12th Pass,69
85,List of Candidates in KADWA : KATIHAR Bihar 2025,JD(U),Graduate,58
86,List of Candidates in BALRAMPUR : KATIHAR Bihar 2025,Lok Janshakti Party (Ram Vilas),0,41
87,List of Candidates in PRANPUR : KATIHAR Bihar 2025,BJP,0,46
88,List of Candidates in MANIHARI (ST) : KATIHAR Bihar 2025,INC,0,76
89,List of Candidates in BARARI : KATIHAR Bihar 2025,JD(U),0,53
90,List of Candidates in KORHA (SC) : KATIHAR Bihar 2025,BJP,0,50
91,List of Candidates in ALAULI (SC) : KHAGARIA Bihar 2025,JD(U),10th Pass,61
92,List of Candidates in KHAGARIA : KHAGARIA Bihar 2025,JD(U),0,47
93,List of Candidates in BELDAUR : KHAGARIA Bihar 2025,JD(U),0,76
94,List of Candidates in PARBATTA : KHAGARIA Bihar 2025,Lok Janshakti Party (Ram Vilas),Graduate,38
95,List of Candidates in BAHADURGANJ : KISHANGANJ Bihar 2025,All India Majlis-E-Ittehadul Muslimeen,10th Pass,45
96,List of Candidates in THAKURGANJ : KISHANGANJ Bihar 2025,JD(U),0,52
97,List of Candidates in KISHANGANJ : KISHANGANJ Bihar 2025,INC,0,62
98,List of Candidates in KOCHADHAMAN : KISHANGANJ Bihar 2025,All India Majlis-E-Ittehadul Muslimeen,Post Graduate,40
99,List of Candidates in SURYAGARHA : LAKHISARAI Bihar 2025,JD(U),10th Pass,59
100,List of Candidates in LAKHISARAI : LAKHISARAI Bihar 2025,BJP,0,58
101,List of Candidates in ALAMNAGAR : MADHEPURA Bihar 2025,JD(U),0,74
102,List of Candidates in BIHARIGANJ : MADHEPURA Bihar 2025,JD(U),0,64
103,List of Candidates in SINGHESHWAR (SC) : MADHEPURA Bihar 2025,JD(U),Doctorate,55
104,List of Candidates in MADHEPURA : MADHEPURA Bihar 2025,RJD,Post Graduate,63
105,List of Candidates in HARLAKHI : MADHUBANI Bihar 2025,JD(U),0,39
106,List of Candidates in PHULPARAS : MADHUBANI Bihar 2025,JD(U),Post Graduate,55
107,List of Candidates in JHANJHARPUR : MADHUBANI Bihar 2025,BJP,0,52
108,List of Candidates in RAJNAGAR (SC) : MADHUBANI Bihar 2025,BJP,Graduate,30
109,List of Candidates in MADHUBANI : MADHUBANI Bihar 2025,Rashtriya Lok Morcha,0,43
110,List of Candidates in BISFI : MADHUBANI Bihar 2025,RJD,Doctorate,34
111,List of Candidates in BABUBARHI : MADHUBANI Bihar 2025,JD(U),0,36
112,List of Candidates in KHAJAULI : MADHUBANI Bihar 2025,BJP,Post Graduate,64
113,List of Candidates in BENIPATTI : MADHUBANI Bihar 2025,BJP,0,68
114,List of Candidates in LAUKAHA : MADHUBANI Bihar 2025,JD(U),0,60
115,Page Not Found!!,N/A,N/A,0
116,List of Candidates in TARAPUR : MUNGER Bihar 2025,BJP,Doctorate,56
117,List of Candidates in MUNGER : MUNGER Bihar 2025,BJP,Post Graduate,52
118,List of Candidates in JAMALPUR : MUNGER Bihar 2025,JD(U),Post Graduate,42
119,List of Candidates in GAIGHAT : MUZAFFARPUR Bihar 2025,JD(U),0,30
120,List of Candidates in BOCHAHAN (SC) : MUZAFFARPUR Bihar 2025,Lok Janshakti Party (Ram Vilas),12th Pass,48
121,List of Candidates in SAHEBGANJ : MUZAFFARPUR Bihar 2025,BJP,Doctorate,55
122,List of Candidates in PAROO : MUZAFFARPUR Bihar 2025,RJD,Graduate,58
123,List of Candidates in BARURAJ : MUZAFFARPUR Bihar 2025,BJP,Doctorate,55
124,List of Candidates in KANTI : MUZAFFARPUR Bihar 2025,JD(U),Graduate Professional,61
125,List of Candidates in MUZAFFARPUR : MUZAFFARPUR Bihar 2025,BJP,0,57
126,List of Candidates in KURHANI : MUZAFFARPUR Bihar 2025,BJP,Post Graduate,61
127,List of Candidates in SAKRA (SC) : MUZAFFARPUR Bihar 2025,JD(U),0,30
128,List of Candidates in MINAPUR : MUZAFFARPUR Bihar 2025,JD(U),12th Pass,51
129,List of Candidates in AURAI : MUZAFFARPUR Bihar 2025,BJP,12th Pass,58
130,Page Not Found!!,N/A,N/A,0
131,List of Candidates in ASTHAWAN : NALANDA Bihar 2025,JD(U),0,53
132,List of Candidates in BIHARSHARIF : NALANDA Bihar 2025,BJP,Graduate Professional,68
133,List of Candidates in RAJGIR (SC) : NALANDA Bihar 2025,JD(U),0,52
134,List of Candidates in ISLAMPUR : NALANDA Bihar 2025,JD(U),0,44
135,List of Candidates in HILSA : NALANDA Bihar 2025,JD(U),0,74
136,List of Candidates in NALANDA : NALANDA Bihar 2025,JD(U),0,66
137,List of Candidates in HARNAUT : NALANDA Bihar 2025,JD(U),0,78
138,List of Candidates in RAJAULI (SC) : NAWADA Bihar 2025,Lok Janshakti Party (Ram Vilas),Literate,59
139,List of Candidates in HISUA : NAWADA Bihar 2025,BJP,Graduate,54
140,List of Candidates in NAWADA : NAWADA Bihar 2025,JD(U),Literate,59
141,List of Candidates in GOBINDPUR : NAWADA Bihar 2025,Lok Janshakti Party (Ram Vilas),0,42
142,List of Candidates in WARSALIGANJ : NAWADA Bihar 2025,RJD,Others,47
143,List of Candidates in VALMIKI NAGAR : PASCHIM CHAMPARAN Bihar 2025,INC,12th Pass,59
144,List of Candidates in RAMNAGAR (SC) : PASCHIM CHAMPARAN Bihar 2025,BJP,0,53
145,List of Candidates in NARKATIAGANJ : PASCHIM CHAMPARAN Bihar 2025,BJP,12th Pass,60
146,List of Candidates in BAGAHA : PASCHIM CHAMPARAN Bihar 2025,BJP,12th Pass,73
147,List of Candidates in LAURIYA : PASCHIM CHAMPARAN Bihar 2025,BJP,Graduate,55
148,List of Candidates in NAUTAN : PASCHIM CHAMPARAN Bihar 2025,BJP,0,67
149,List of Candidates in CHANPATIA : PASCHIM CHAMPARAN Bihar 2025,INC,Post Graduate,35
150,List of Candidates in BETTIAH : PASCHIM CHAMPARAN Bihar 2025,BJP,12th Pass,66
151,List of Candidates in SIKTA : PASCHIM CHAMPARAN Bihar 2025,JD(U),0,37
152,List of Candidates in MOKAMA : PATNA Bihar 2025,JD(U),Literate,64
153,List of Candidates in BIKRAM : PATNA Bihar 2025,BJP,12th Pass,44
154,List of Candidates in PALIGANJ : PATNA Bihar 2025,CPI(ML)(L),Doctorate,38
155,List of Candidates in MASAURHI (SC) : PATNA Bihar 2025,JD(U),0,53
156,List of Candidates in PHULWARI (SC) : PATNA Bihar 2025,JD(U),Graduate,71
157,List of Candidates in MANER : PATNA Bihar 2025,RJD,Graduate,64
158,List of Candidates in DANAPUR : PATNA Bihar 2025,BJP,Graduate,64
159,List of Candidates in FATUHA : PATNA Bihar 2025,RJD,Doctorate,69
160,List of Candidates in PATNA SAHIB : PATNA Bihar 2025,BJP,Graduate Professional,45
161,List of Candidates in KUMHRAR : PATNA Bihar 2025,BJP,0,50
162,List of Candidates in BANKIPUR : PATNA Bihar 2025,BJP,12th Pass,45
163,List of Candidates in DIGHA : PATNA Bihar 2025,BJP,Doctorate,56
164,List of Candidates in BAKHTIARPUR : PATNA Bihar 2025,Lok Janshakti Party (Ram Vilas),0,51
165,List of Candidates in BARH : PATNA Bihar 2025,BJP,0,48
166,Page Not Found!!,N/A,N/A,0
167,List of Candidates in AMOUR : PURNIA Bihar 2025,All India Majlis-E-Ittehadul Muslimeen,Post Graduate,61
168,List of Candidates in BAISI : PURNIA Bihar 2025,All India Majlis-E-Ittehadul Muslimeen,Graduate,53
169,List of Candidates in KASBA : PURNIA Bihar 2025,Lok Janshakti Party (Ram Vilas),12th Pass,39
170,List of Candidates in BANMANKHI (SC) : PURNIA Bihar 2025,BJP,0,49
171,List of Candidates in RUPAULI : PURNIA Bihar 2025,JD(U),0,60
172,List of Candidates in DHAMDAHA : PURNIA Bihar 2025,JD(U),0,51
173,List of Candidates in PURNIA : PURNIA Bihar 2025,BJP,12th Pass,66
174,List of Candidates in RAXAUL : PURVI CHAMPARAN Bihar 2025,BJP,Literate,65
175,List of Candidates in CHIRAIA : PURVI CHAMPARAN Bihar 2025,BJP,0,67
176,List of Candidates in MOTIHARI : PURVI CHAMPARAN Bihar 2025,BJP,Graduate Professional,63
177,List of Candidates in MADHUBAN : PURVI CHAMPARAN Bihar 2025,BJP,0,49
178,List of Candidates in PIPRA : PURVI CHAMPARAN Bihar 2025,BJP,12th Pass,59
179,List of Candidates in KALYANPUR : PURVI CHAMPARAN Bihar 2025,BJP,Post Graduate,60
180,List of Candidates in KESARIA : PURVI CHAMPARAN Bihar 2025,JD(U),Graduate,52
181,List of Candidates in GOVINDGANJ : PURVI CHAMPARAN Bihar 2025,Lok Janshakti Party (Ram Vilas),Post Graduate,55
182,List of Candidates in HARSIDHI (SC) : PURVI CHAMPARAN Bihar 2025,BJP,12th Pass,61
183,List of Candidates in NARKATIA : PURVI CHAMPARAN Bihar 2025,JD(U),0,45
184,List of Candidates in SUGAULI : PURVI CHAMPARAN Bihar 2025,Lok Janshakti Party (Ram Vilas),0,55
185,List of Candidates in DHAKA : PURVI CHAMPARAN Bihar 2025,RJD,10th Pass,40
186,Page Not Found!!,N/A,N/A,0
187,List of Candidates in CHENARI (SC) : ROHTAS Bihar 2025,Lok Janshakti Party (Ram Vilas),0,45
188,List of Candidates in SASARAM : ROHTAS Bihar 2025,Rashtriya Lok Morcha,0,56
189,List of Candidates in KARGAHAR : ROHTAS Bihar 2025,JD(U),0,52
190,List of Candidates in DINARA : ROHTAS Bihar 2025,Rashtriya Lok Morcha,Graduate,49
191,List of Candidates in NOKHA : ROHTAS Bihar 2025,JD(U),0,49
192,List of Candidates in DEHRI : ROHTAS Bihar 2025,Lok Janshakti Party (Ram Vilas),0,45
193,List of Candidates in KARAKAT : ROHTAS Bihar 2025,CPI(ML)(L),10th Pass,64
194,List of Candidates in SONBARSHA (SC) : SAHARSA Bihar 2025,JD(U),12th Pass,54
195,List of Candidates in SAHARSA : SAHARSA Bihar 2025,Indian Inclusive Party,Post Graduate,55
196,List of Candidates in SIMRI BAKHTIARPUR : SAHARSA Bihar 2025,Lok Janshakti Party (Ram Vilas),0,58
197,List of Candidates in MAHISHI : SAHARSA Bihar 2025,RJD,Doctorate,40
198,List of Candidates in KALYANPUR (SC) : SAMASTIPUR Bihar 2025,JD(U),Graduate,63
199,List of Candidates in ROSERA (SC) : SAMASTIPUR Bihar 2025,BJP,0,49
200,List of Candidates in BIBHUTIPUR : SAMASTIPUR Bihar 2025,CPI(M),Post Graduate,55
201,List of Candidates in MOHIUDDINNAGAR : SAMASTIPUR Bihar 2025,BJP,0,51
202,List of Candidates in SARAIRANJAN : SAMASTIPUR Bihar 2025,JD(U),0,68
203,List of Candidates in MORWA : SAMASTIPUR Bihar 2025,RJD,Graduate,49
204,List of Candidates in UJIARPUR : SAMASTIPUR Bihar 2025,RJD,Graduate Professional,58
205,List of Candidates in SAMASTIPUR : SAMASTIPUR Bihar 2025,JD(U),0,62
206,List of Candidates in WARISNAGAR : SAMASTIPUR Bihar 2025,JD(U),0,36
207,List of Candidates in HASANPUR : SAMASTIPUR Bihar 2025,JD(U),0,53
208,Page Not Found!!,N/A,N/A,0
209,List of Candidates in EKMA : SARAN Bihar 2025,JD(U),0,66
210,List of Candidates in PARSA : SARAN Bihar 2025,RJD,0,47
211,List of Candidates in AMNOUR : SARAN Bihar 2025,BJP,10th Pass,47
212,List of Candidates in GARKHA (SC) : SARAN Bihar 2025,RJD,Graduate,45
213,List of Candidates in CHAPRA : SARAN Bihar 2025,BJP,0,35
214,List of Candidates in MARHAURA : SARAN Bihar 2025,RJD,Graduate,46
215,List of Candidates in TARAIYA : SARAN Bihar 2025,BJP,Graduate,64
216,List of Candidates in BANIAPUR : SARAN Bihar 2025,BJP,Graduate,61
217,List of Candidates in MANJHI : SARAN Bihar 2025,JD(U),12th Pass,42
218,List of Candidates in SONEPUR : SARAN Bihar 2025,BJP,Post Graduate,62
219,Page Not Found!!,N/A,N/A,0
220,List of Candidates in SHEIKHPURA : SHEIKHPURA Bihar 2025,JD(U),Post Graduate,50
221,List of Candidates in BARBIGHA : SHEIKHPURA Bihar 2025,JD(U),0,62
222,List of Candidates in SHEOHAR : SHEOHAR Bihar 2025,JD(U),0,44
223,List of Candidates in RIGA : SITAMARHI Bihar 2025,BJP,0,65
224,List of Candidates in BATHNAHA (SC) : SITAMARHI Bihar 2025,BJP,0,38
225,List of Candidates in PARIHAR : SITAMARHI Bihar 2025,BJP,0,60
226,List of Candidates in SURSAND : SITAMARHI Bihar 2025,JD(U),0,64
227,List of Candidates in BAJPATTI : SITAMARHI Bihar 2025,Rashtriya Lok Morcha,0,50
228,List of Candidates in SITAMARHI : SITAMARHI Bihar 2025,BJP,Graduate,64
229,List of Candidates in RUNNISAIDPUR : SITAMARHI Bihar 2025,JD(U),0,51
230,List of Candidates in BELSAND : SITAMARHI Bihar 2025,Lok Janshakti Party (Ram Vilas),12th Pass,34
231,List of Candidates in SIWAN : SIWAN Bihar 2025,BJP,Graduate,52
232,List of Candidates in ZIRADEI : SIWAN Bihar 2025,JD(U),0,54
233,List of Candidates in DARAULI (SC) : SIWAN Bihar 2025,Lok Janshakti Party (Ram Vilas),0,33
234,List of Candidates in RAGHUNATHPUR : SIWAN Bihar 2025,RJD,10th Pass,31
235,List of Candidates in DARAUNDA : SIWAN Bihar 2025,BJP,12th Pass,50
236,List of Candidates in BARHARIA : SIWAN Bihar 2025,JD(U),0,60
237,List of Candidates in GORIAKOTHI : SIWAN Bihar 2025,BJP,0,57
238,List of Candidates in MAHARAJGANJ : SIWAN Bihar 2025,JD(U),12th Pass,63
239,List of Candidates in NIRMALI : SUPAUL Bihar 2025,JD(U),0,76
240,List of Candidates in PIPRA : SUPAUL Bihar 2025,JD(U),Graduate,62
241,List of Candidates in SUPAUL : SUPAUL Bihar 2025,JD(U),0,79
242,List of Candidates in TRIVENIGANJ (SC) : SUPAUL Bihar 2025,JD(U),0,27
243,List of Candidates in CHHATAPUR : SUPAUL Bihar 2025,BJP,Graduate,55
