#,Candidate,Party,Votes,Share,Year,Constituency,Winner_Flag,Status,Votes_Num
1,Mahesh Paswan,BJP,69412,46.30%,2025,Agiaon,True,Winner,69412
1,Narendra Narayan Yadav,JD(U),138401,55.71%,2025,Alamnagar,True,Winner,138401
1,Ram Chandra Sada,JD(U),93208,53.11%,2025,Alauli,True,Winner,93208
1,Maithili Thakur,BJP,84915,50.43%,2025,Alinagar,True,Winner,84915
1,Jayant Raj,JD(U),103944,55.22%,2025,Amarpur,True,Winner,103944
1,Krishan Kumar Mantoo,BJP,75525,45.52%,2025,Amnour,True,Winner,75525
1,Akhtarul Iman,PARTY-UNKNOWN-1920,100836,44.11%,2025,Amour,True,Winner,100836
1,Abidur Rahman,INC,91529,38.38%,2025,Araria,True,Winner,91529
1,Sanjay Singh (Tiger),BJP,94201,52.15%,2025,Arrah,True,Winner,94201
1,Manoj Kumar,BJP,79854,47.06%,2025,Arwal,True,Winner,79854
1,Jitendra Kumar,JD(U),90542,54.17%,2025,Asthawan,True,Winner,90542
1,Romit Kumar,HAMS,102102,52.59%,2025,Atri,True,Winner,102102
1,Rama Nishad,BJP,104085,50.90%,2025,Aurai,True,Winner,104085
1,Trivikram Narayan Singh,BJP,87200,44.12%,2025,Aurangabad,True,Winner,87200
1,Mina Kumari,JD(U),98221,48.85%,2025,Babubarhi,True,Winner,98221
1,Surendra Mehta,BJP,100343,45.41%,2025,Bachhwara,True,Winner,100343
1,Ram Singh,BJP,106875,48.08%,2025,Bagaha,True,Winner,106875
1,Md Tauseef Alam,PARTY-UNKNOWN-1920,87315,40.94%,2025,Bahadurganj,True,Winner,87315
1,Madan Sahni,JD(U),96300,45.67%,2025,Bahadurpur,True,Winner,96300
1,Mithilesh Tiwari,BJP,104133,49.52%,2025,Baikunthpur,True,Winner,104133
1,Ghulam Sarwar,PARTY-UNKNOWN-1920,92766,41.94%,2025,Baisi,True,Winner,92766
1,Rameshwar Kumar Mehto,RLM_1,99144,45.49%,2025,Bajpatti,True,Winner,99144
1,Sanjay Kumar,LJP (RV),98511,48.54%,2025,Bakhri,True,Winner,98511
1,Arun Kumar S/O Satrughan Sao,LJP (RV),88520,45.99%,2025,Bakhtiarpur,True,Winner,88520
1,Sangita Devi,LJP (RV),80459,29.38%,2025,Balrampur,True,Winner,80459
1,Kedar Nath Singh,BJP,95606,48.89%,2025,Baniapur,True,Winner,95606
1,Ram Narayan Mandal,BJP,95588,49.98%,2025,Banka,True,Winner,95588
1,Nitin Nabin,BJP,98299,63.25%,2025,Bankipur,True,Winner,98299
1,Krishna Kumar Rishi,BJP,122494,58.42%,2025,Banmankhi,True,Winner,122494
1,Jyoti Devi,HAMS,108271,48.36%,2025,Barachatti,True,Winner,108271
1,Bijay Singh,JD(U),107842,47.81%,2025,Barari,True,Winner,107842
1,Manjeet Kumar Singh,JD(U),88657,46.62%,2025,Barauli,True,Winner,88657
1,Dr. Kumar Puspanjay,JD(U),61882,44.77%,2025,Barbigha,True,Winner,61882
1,Siyaram Singh,BJP,99446,53.53%,2025,Barh,True,Winner,99446
1,Shambhu Nath Yadav,RJD,95828,46.96%,2025,Barhampur,True,Winner,95828
1,Raghvendra Pratap Singh,BJP,79593,44.56%,2025,Barhara,True,Winner,79593
1,Indradev Singh,JD(U),93600,48.48%,2025,Barharia,True,Winner,93600
1,Arun Kumar Singh,BJP,96879,48.30%,2025,Baruraj,True,Winner,96879
1,Anil Kumar,BJP,123698,58.50%,2025,Bathnaha,True,Winner,123698
1,Kundan Kumar,BJP,119506,53.14%,2025,Begusarai,True,Winner,119506
1,Manorma Devi,JD(U),95685,47.38%,2025,Belaganj,True,Winner,95685
1,Panna Lal Singh Patel,JD(U),106262,50.74%,2025,Beldaur,True,Winner,106262
1,Manoj Yadav,JD(U),115393,51.91%,2025,Belhar,True,Winner,115393
1,Amit Kumar,LJP (RV),82076,46.38%,2025,Belsand,True,Winner,82076
1,Vinod Narayan Jha,BJP,87153,50.35%,2025,Benipatti,True,Winner,87153
1,Binay Kumar Choudhary,JD(U),84207,45.45%,2025,Benipur,True,Winner,84207
1,Renu Devi,BJP,91907,47.26%,2025,Bettiah,True,Winner,91907
1,Bharat Bind,BJP,80039,41.90%,2025,Bhabhua,True,Winner,80039
1,Rohit Pandey,BJP,100770,51.63%,2025,Bhagalpur,True,Winner,100770
1,Sunil Kumar,JD(U),101469,49.35%,2025,Bhorey,True,Winner,101469
1,Ajay Kumar,CPI(M),79246,41.38%,2025,Bibhutpur,True,Winner,79246
1,Niranjan Kumar Mehta,JD(U),116622,53.54%,2025,Bihariganj,True,Winner,116622
1,Dr. Sunil Kumar,BJP,109304,51.68%,2025,Biharsharif,True,Winner,109304
1,Kumar Shailendra,BJP,91458,53.39%,2025,Bihpur,True,Winner,91458
1,Siddharth Saurav,BJP,101189,47.76%,2025,Bikram,True,Winner,101189
1,Asif Ahmad,RJD,100771,49.00%,2025,Bisfi,True,Winner,100771
1,Baby Kumari,LJP (RV),108186,50.31%,2025,Bochaha,True,Winner,108186
1,Kumar Sarvjeet,RJD,100236,44.53%,2025,Bodh Gaya,True,Winner,100236
1,Anand Mishra,BJP,84901,45.34%,2025,Buxar,True,Winner,84901
1,Md. Zama Khan,JD(U),70876,31.12%,2025,Chainpur,True,Winner,70876
1,Savitri Devi,RJD,80357,35.19%,2025,Chakai,True,Winner,80357
1,Abhishek Ranjan,INC,87538,40.56%,2025,Chanpatia Chunpatia,True,Winner,87538
1,Chhoti Kumari,BJP,86845,46.52%,2025,Chapra,True,Winner,86845
1,Murari Prasad Gautam,LJP (RV),95579,46.98%,2025,Chenari,True,Winner,95579
1,Abhishek Anand,JD(U),75081,40.33%,2025,Cheria Bariarpur,True,Winner,75081
1,Niraj Kumar Singh,BJP,122491,50.14%,2025,Chhatapur,True,Winner,122491
1,Lal Babu Prasad Gupta,BJP,90572,46.22%,2025,Chiraia,True,Winner,90572
1,Ram Kripal Yadav,BJP,119877,55.23%,2025,Danapur,True,Winner,119877
1,Vishnu Deo Paswan,LJP (RV),83014,48.64%,2025,Darauli,True,Winner,83014
1,Karnjeet Singh Alias Vyas Singh,BJP,87047,48.36%,2025,Daraundha,True,Winner,87047
1,Rajesh Kumar Mandal,JD(U),80624,45.16%,2025,Darbhanga Rural,True,Winner,80624
1,Sanjay Saraogi,BJP,97453,50.04%,2025,Darbhanga,True,Winner,97453
1,Rajeev Ranjan Singh,LJP (RV),104022,54.98%,2025,Dehri,True,Winner,104022
1,Faisal Rahman,RJD,112727,46.29%,2025,Dhaka,True,Winner,112727
1,Leshi Singh,JD(U),138750,58.97%,2025,Dhamdaha,True,Winner,138750
1,Manish Kumar,JD(U),113011,51.92%,2025,Dhuraiya,True,Winner,113011
1,Sanjiv Chaurasia,BJP,111001,57.50%,2025,Digha,True,Winner,111001
1,Alok Kumar Singh,RLM_1,78338,42.25%,2025,Dinara,True,Winner,78338
1,Rahul Kumar Singh,JD(U),79411,41.01%,2025,Dumraon,True,Winner,79411
1,Manoranjan Singh,JD(U),84077,51.01%,2025,Ekma,True,Winner,84077
1,Dr. Ramanand Yadav,RJD,90558,46.62%,2025,Fatwah,True,Winner,90558
1,Manoj Bishwas,INC,120114,48.37%,2025,Forbesganj,True,Winner,120114
1,Komal Singh,JD(U),108104,49.14%,2025,Gaighat,True,Winner,108104
1,Surendra Ram,RJD,91134,45.37%,2025,Garkha,True,Winner,91134
1,Prem Kumar,BJP,90878,54.64%,2025,Gaya Town,True,Winner,90878
1,Rituraj Kumar,JD(U),80740,47.91%,2025,Ghoshi Ghosi,True,Winner,80740
1,Binita Mehta,LJP (RV),72581,41.12%,2025,Gobindpur,True,Winner,72581
1,Amrendra Kumar,RJD,93624,45.22%,2025,Goh,True,Winner,93624
1,Subhash Singh,BJP,96892,49.28%,2025,Gopalganj,True,Winner,96892
1,Shailesh Kumar Alias Bulo Mandal,JD(U),108630,58.21%,2025,Gopalpur,True,Winner,108630
1,Sujit Kumar,BJP,77682,47.21%,2025,Gora Bauram,True,Winner,77682
1,Devesh Kant Singh,BJP,105909,50.51%,2025,Goriyakothi,True,Winner,105909
1,Raju Tiwari,LJP (RV),96034,53.40%,2025,Govindganj,True,Winner,96034
1,Upendra Prasad,BJP,99758,49.99%,2025,Gurua,True,Winner,99758
1,Awadhesh Singh,BJP,113221,50.80%,2025,Hajipur,True,Winner,113221
1,Sudhanshu Shekhar,JD(U),85486,48.45%,2025,Harlakhi,True,Winner,85486
1,Hari Narayan Singh,JD(U),106954,57.26%,2025,Harnaut,True,Winner,106954
1,Krishnanandan Paswan,BJP,96864,48.49%,2025,Harsidhi,True,Winner,96864
1,Raj Kumar Ray,JD(U),90961,45.32%,2025,Hasanpur,True,Winner,90961
1,Ramsewak Singh,JD(U),92121,47.74%,2025,Hathua,True,Winner,92121
1,Ram Chandra Prasad,BJP,77222,46.44%,2025,Hayaghat,True,Winner,77222
1,Krishna Murari Sharan,JD(U),96009,50.74%,2025,Hilsa,True,Winner,96009
1,Anil Singh,BJP,95885,45.44%,2025,Hisua,True,Winner,95885
1,Deepa Kumari,HAMS,104861,51.74%,2025,Imamganj,True,Winner,104861
1,Ruhail Ranjan,JD(U),100487,54.87%,2025,Islampur,True,Winner,100487
1,Sribhagwan Singh Kushwaha,JD(U),92974,50.45%,2025,Jagdishpur,True,Winner,92974
1,Rahul Kumar,RJD,86402,45.72%,2025,Jahanabad,True,Winner,86402
1,Jibesh Kumar,BJP,100496,50.87%,2025,Jale,True,Winner,100496
1,Nachiketa,JD(U),96683,48.43%,2025,Jamalpur,True,Winner,96683
1,Shreyasi Singh,BJP,123868,57.73%,2025,Jamui,True,Winner,123868
1,Damodar Rawat,JD(U),108317,45.27%,2025,Jhajha,True,Winner,108317
1,Nitish Mishra,BJP,107958,56.81%,2025,Jhanjharpur,True,Winner,107958
1,Mohammad Murshid Alam,PARTY-UNKNOWN-1920,83737,39.24%,2025,Jokihat,True,Winner,83737
1,Dulal Chandra Goswami,JD(U),99274,47.42%,2025,Kadwa,True,Winner,99274
1,Shubhanand Mukesh,JD(U),130767,52.57%,2025,Kahalgaon,True,Winner,130767
1,Sachindra Prasad Singh,BJP,89057,48.68%,2025,Kalyanpur 2,True,Winner,89057
1,Maheshwar Hazari,JD(U),118162,51.14%,2025,Kalyanpur,True,Winner,118162
1,Ajit Kumar,JD(U),117299,52.18%,2025,Kanti,True,Winner,117299
1,Arun Singh (Vill-Ajnap Tola),CPI(ML) (L),74157,38.63%,2025,Karakat,True,Winner,74157
1,Bashisth Singh,JD(U),92485,42.71%,2025,Kargahar,True,Winner,92485
1,Nitesh Kumar Singh,LJP (RV),86877,37.45%,2025,Kasba,True,Winner,86877
1,Tarkishore Prasad,BJP,100255,51.08%,2025,Katihar,True,Winner,100255
1,Puran Lal Tudu,BJP,94260,49.37%,2025,Katoria,True,Winner,94260
1,Murari Mohan Jha,BJP,89123,46.87%,2025,Keoti,True,Winner,89123
1,Shalini Mishra,JD(U),78192,45.12%,2025,Kesariya,True,Winner,78192
1,Bablu Kumar,JD(U),93988,52.34%,2025,Khagaria,True,Winner,93988
1,Arun Shankar Prasad,BJP,101151,50.22%,2025,Khajauli,True,Winner,101151
1,Md. Qamrul Hoda,INC,89669,39.76%,2025,Kishanganj,True,Winner,89669
1,Md. Sarwar Alam,PARTY-UNKNOWN-1920,81860,42.79%,2025,Kochadhaman,True,Winner,81860
1,Kavita Devi,BJP,123495,52.52%,2025,Korha,True,Winner,123495
1,Amrendra Kumar Pandey,JD(U),101425,51.68%,2025,Kuchaikote,True,Winner,101425
1,Sanjay Kumar,BJP,100485,58.34%,2025,Kumhrarh,True,Winner,100485
1,Kedar Pd Gupta,BJP,107811,46.64%,2025,Kurhani,True,Winner,107811
1,Pappu Kumar Verma,JD(U),74466,45.38%,2025,Kurtha,True,Winner,74466
1,Atirek Kumar,JD(U),85685,54.39%,2025,Kusheshwar Asthan,True,Winner,85685
1,Lalan Ram,HAMS,84727,49.54%,2025,Kutumba,True,Winner,84727
1,Vijay Kumar Sinha,BJP,122408,50.36%,2025,Lakhisarai,True,Winner,122408
1,Sanjay Kumar Singh,BJP,127650,53.63%,2025,Lalganj,True,Winner,127650
1,Satish Kumar Sah,JD(U),111761,49.67%,2025,Laukaha,True,Winner,111761
1,Vinay Bihari,BJP,96510,51.00%,2025,Lauriya,True,Winner,96510
1,Chandra Shekhar,RJD,108464,46.40%,2025,Madhepura,True,Winner,108464
1,Rana Randhir,BJP,86002,47.32%,2025,Madhuban,True,Winner,86002
1,Madhaw Anand,RLM_1,97956,47.17%,2025,Madhubani,True,Winner,97956
1,Hem Narayan Sah,JD(U),86813,47.15%,2025,Maharajganj,True,Winner,86813
1,Gautam Krishna,RJD,93752,47.76%,2025,Mahishi,True,Winner,93752
1,Umesh Singh Kushwaha,JD(U),98050,48.91%,2025,Mahnar,True,Winner,98050
1,Sanjay Kumar Singh,LJP (RV),87641,42.01%,2025,Mahua,True,Winner,87641
1,Subedar Das,RJD,74769,45.69%,2025,Makhdumpur,True,Winner,74769
1,Bhai Birendra,RJD,110798,50.11%,2025,Maner,True,Winner,110798
1,Manohar Prasad Singh,INC,114754,48.77%,2025,Manihari,True,Winner,114754
1,Randhir Kumar Singh,JD(U),68455,39.90%,2025,Manjhi,True,Winner,68455
1,Jitendra Kumar Rai,RJD,86118,49.30%,2025,Marhaura,True,Winner,86118
1,Arun Manjhi,JD(U),106505,48.26%,2025,Masaurhi,True,Winner,106505
1,Narendra Kumar Singh Alias Bogo Singh,RJD,117789,48.51%,2025,Matihani,True,Winner,117789
1,Ajay Kumar,JD(U),113411,53.49%,2025,Minapur,True,Winner,113411
1,Sangita Kumari,BJP,76290,40.61%,2025,Mohania,True,Winner,76290
1,Rajesh Kumar Singh,BJP,89208,49.27%,2025,Mohiuddin Nagar,True,Winner,89208
1,Anant Kumar Singh,JD(U),91416,50.70%,2025,Mokama,True,Winner,91416
1,Ranvijay Sahu,RJD,77770,40.26%,2025,Morwa,True,Winner,77770
1,Pramod Kumar,BJP,106080,50.15%,2025,Motihari,True,Winner,106080
1,Kumar Pranay,BJP,108028,51.88%,2025,Munger,True,Winner,108028
1,Ranjan Kumar,BJP,100477,53.60%,2025,Muzaffarpur,True,Winner,100477
1,Chetan Anand,JD(U),80380,43.21%,2025,Nabinagar,True,Winner,80380
1,Shrawon Kumar,JD(U),105432,54.08%,2025,Nalanda,True,Winner,105432
1,Vishal Kumar,JD(U),104450,47.86%,2025,Narkatia,True,Winner,104450
1,Sanjay Kumar Pandey,BJP,100044,51.44%,2025,Narkatiaganj,True,Winner,100044
1,Devanti Yadav,BJP,120557,50.47%,2025,Narpatganj,True,Winner,120557
1,Mithun Kumar,LJP (RV),118143,50.00%,2025,Nathnagar,True,Winner,118143
1,Narayan Prasad,BJP,101952,49.83%,2025,Nautan,True,Winner,101952
1,Vibha Devi,JD(U),87423,44.10%,2025,Nawada,True,Winner,87423
1,Aniruddha Prasad Yadav,JD(U),118904,54.81%,2025,Nirmali,True,Winner,118904
1,Nagendra Chandravanshi,JD(U),93193,52.09%,2025,Nokha,True,Winner,93193
1,Prakash Chandra,LJP (RV),91638,45.03%,2025,Obra,True,Winner,91638
1,Sandeep Saurav,CPI(ML) (L),81105,45.28%,2025,Paliganj,True,Winner,81105
1,Babulal Shorya,LJP (RV),118677,56.38%,2025,Parbatta,True,Winner,118677
1,Gayetri Devi,BJP,82644,39.81%,2025,Parihar,True,Winner,82644
1,Shankar Prasad,RJD,95272,42.26%,2025,Paroo,True,Winner,95272
1,Karishma,RJD,89093,50.46%,2025,Parsa,True,Winner,89093
1,Lakhendra Kumar Raushan,BJP,108356,52.36%,2025,Patepur,True,Winner,108356
1,Ratnesh Kumar,BJP,130366,55.94%,2025,Patna Sahib,True,Winner,130366
1,Sheela Kumari,JD(U),93677,46.60%,2025,Phulparas,True,Winner,93677
1,Shyam Rajak,JD(U),126470,50.13%,2025,Phulwari,True,Winner,126470
1,Shyam Babu Prasad Yadav,BJP,110422,45.85%,2025,Pipra 2,True,Winner,110422
1,Rambilash Kamat,JD(U),107041,50.41%,2025,Pipra,True,Winner,107041
1,Murari Pasavan,BJP,140608,57.45%,2025,Pirpainti,True,Winner,140608
1,Nisha Singh,BJP,108565,43.22%,2025,Pranpur,True,Winner,108565
1,Vijay Kumar Khemka,BJP,127614,55.13%,2025,Purnea,True,Winner,127614
1,Pramod Kumar Singh,JD(U),107515,49.03%,2025,Rafiganj,True,Winner,107515
1,Tejashwi Prasad Yadav,RJD,118597,50.59%,2025,Raghopur,True,Winner,118597
1,Osama Shahab,RJD,88278,49.76%,2025,Raghunathpur,True,Winner,88278
1,Mahendra Ram,JD(U),96258,52.92%,2025,Raja Pakar,True,Winner,96258
1,Vimal Rajbanshi,LJP (RV),90272,45.96%,2025,Rajauli,True,Winner,90272
1,Kaushal Kishore,JD(U),107811,60.09%,2025,Rajgir,True,Winner,107811
1,Sujeet Kumar,BJP,108362,57.67%,2025,Rajnagar,True,Winner,108362
1,Santosh Kumar Nirala,JD(U),80701,38.70%,2025,Rajpur,True,Winner,80701
1,Satish Kumar Singh Yadav,BSP,72689,37.53%,2025,Ramgarh,True,Winner,72689
1,Nand Kishor Ram,BJP,115214,54.69%,2025,Ramnagar,True,Winner,115214
1,Avinash Manglam,RJD,111590,49.54%,2025,Raniganj,True,Winner,111590
1,Pramod Kumar Sinha,BJP,106765,50.14%,2025,Raxaul,True,Winner,106765
1,Baidyanath Prasad,BJP,117393,54.82%,2025,Riga,True,Winner,117393
1,Birendra Kumar,BJP,122773,55.77%,2025,Rosera,True,Winner,122773
1,Pankaj Kumar,JD(U),93672,49.61%,2025,Runisaidpur,True,Winner,93672
1,Kaladhar Prasad Mandal,JD(U),124826,56.94%,2025,Rupauli,True,Winner,124826
1,Indrajeet Prasad Gupta,IIP_1,115036,44.73%,2025,Saharsa,True,Winner,115036
1,Raju Kumar Singh,BJP,106322,49.49%,2025,Sahebganj,True,Winner,106322
1,Sattanand Sambuddha Alias Lalan Jee,RJD,76798,40.86%,2025,Sahebpur Kamal,True,Winner,76798
1,Aditya Kumar,JD(U),98723,48.73%,2025,Sakra,True,Winner,98723
1,Ashwamedh Devi,JD(U),95728,49.26%,2025,Samastipur,True,Winner,95728
1,Radha Charan Sah,JD(U),80598,45.01%,2025,Sandesh,True,Winner,80598
1,Vijay Kumar Choudhary,JD(U),102792,50.45%,2025,Sarairanjan,True,Winner,102792
1,Snehlata,RLM_1,105006,47.70%,2025,Sasaram,True,Winner,105006
1,Rakesh Ranjan,BJP,88655,50.26%,2025,Shahpur,True,Winner,88655
1,Randhir Kumar Soni,JD(U),82922,51.53%,2025,Sheikhpura,True,Winner,82922
1,Shweta Gupta,JD(U),97269,47.39%,2025,Sheohar,True,Winner,97269
1,Uday Kumar Singh,LJP (RV),77270,39.49%,2025,Sherghati,True,Winner,77270
1,Praphull Kumar Manjhi,HAMS,91603,48.11%,2025,Sikandra,True,Winner,91603
1,Sammridh Varma,JD(U),97173,47.13%,2025,Sikta,True,Winner,97173
1,Vijay Kumar Mandal,BJP,111342,51.02%,2025,Sikti,True,Winner,111342
1,Sanjay Kumar Singh,LJP (RV),109699,47.96%,2025,Simiri Bakhtiarpur Simri Bakhtiarpur,True,Winner,109699
1,Ramesh Rishi,JD(U),106416,47.66%,2025,Singheshwar,True,Winner,106416
1,Sunil Kumar Pintu,BJP,104226,48.62%,2025,Sitamarhi Sitamurhi,True,Winner,104226
1,Mangal Pandey,BJP,92379,49.17%,2025,Siwan,True,Winner,92379
1,Ratnesh Sada,JD(U),97833,48.69%,2025,Sonbarsa,True,Winner,97833
1,Vinay Kumar Singh,BJP,90842,46.20%,2025,Sonepur,True,Winner,90842
1,Rajesh Kumar Alias Bablu Gupta,LJP (RV),98875,51.08%,2025,Sugauli,True,Winner,98875
1,Lalit Narayan Mandal,JD(U),108712,52.85%,2025,Sultanganj,True,Winner,108712
1,Bijendra Prasad Yadav,JD(U),109085,53.49%,2025,Supaul,True,Winner,109085
1,Ramanand Mandal,JD(U),101968,43.57%,2025,Surajgarha,True,Winner,101968
1,Prof. Nagendra Raut,JD(U),104157,50.81%,2025,Sursand,True,Winner,104157
1,Janak Singh,BJP,85564,44.61%,2025,Taraiya,True,Winner,85564
1,Samrat Choudhary,BJP,122480,57.54%,2025,Tarapur,True,Winner,122480
1,Vishal Prashant,BJP,96887,50.65%,2025,Tarari,True,Winner,96887
1,Rajnish Kumar,BJP,112770,53.54%,2025,Teghra,True,Winner,112770
1,Gopal Kumar Agarwal,JD(U),85243,35.23%,2025,Thakurganj,True,Winner,85243
1,Ajay Kumar,RJD,97550,46.73%,2025,Tikari,True,Winner,97550
1,Sonam Rani,JD(U),105262,48.39%,2025,Tribeniganj,True,Winner,105262
1,Alok Kumar Mehta,RJD,102707,45.06%,2025,Ujiarpur,True,Winner,102707
1,Siddharth Patel,JD(U),108377,46.49%,2025,Vaishali,True,Winner,108377
1,Surendra Prasad,INC,107730,47.41%,2025,Valmiki Nagar,True,Winner,107730
1,Manjarik Mrinal,JD(U),108968,47.55%,2025,Warisnagar,True,Winner,108968
1,Anita,RJD,97833,49.73%,2025,Warsaliganj,True,Winner,97833
1,Birendra Singh,BJP,94574,45.97%,2025,Wazirganj,True,Winner,94574
1,Bhism Pratap Singh,JD(U),66227,43.22%,2025,Ziradei,True,Winner,66227
