"zone","loksabha","assembly","details"
"Tirhut","16. Vaishali","Paroo","Paroo

MLA- Shankar Prasad ( RJD )
Caste - Yadav
Votes - 95272

Runner Up- Madan Choudhry ( RLM )
Caste - Baniya
Votes - 66445

2nd Runner Up- Ashok Kumar Singh ( IND )
Caste - Rajput
Votes - 40661

3rd Runner Up- Ranjana Kumari ( JSP )
Caste - Bhumihar
Votes - 6825"
"Tirhut","15. Muzaffarpur","Gaighat","Gaighat

MLA- Komal Singh ( JDU )
Caste - Rajput
Votes - 108104

Runner Up- Niranjan Roy ( RJD )
Caste - Yadav
Votes - 84687

2nd Runner Up- Ashok Kumar Singh ( JSP )
Caste - Rajput
Votes - 10790

3rd Runner Up- Subodh Kumar Singh ( IND )
Caste - Rajput
Votes - 6157"
"Tirhut","16. Vaishali","Minapur","Minapur

MLA- Ajay Kumar ( JDU )
Caste - Kushwaha
Votes - 113411

Runner Up- Rajeev Kumar Urf Munna Yadav ( RJD )
Caste - Yadav
Votes - 79173

2nd Runner Up- Tej Narayan Sahani ( JSP )
Caste - Mallah
Votes - 6633

3rd Runner Up- Kumar Pushpendra ( BSP )
Caste - SC (Ram)*
Votes - 3162"
"Tirhut","16. Vaishali","Sahebganj","Sahebganj

MLA- Raju Kumar Singh ( BJP )
Caste - Rajput
Votes - 106322

Runner Up- Prithwinath Ray ( RJD )
Caste - Yadav
Votes - 92800

2nd Runner Up- Thakur Hari Kishore Singh ( JSP )
Caste - Rajput
Votes - 4197

3rd Runner Up- Vikky Kumar ( IND )
Caste - Unknown
Votes - 4187"
"Tirhut","16. Vaishali","Kanti","Kanti

MLA- Ajit Kumar ( JDU )
Caste - Bhumihar
Votes - 117299

Runner Up- Mohammad Israil Mansuri ( RJD )
Caste - Minority
Votes - 91504

2nd Runner Up- Sudarshan Mishra ( JSP )
Caste - Bhumihar
Votes - 4251

3rd Runner Up- Suresh Kumar Gupta ( IND )
Caste - Bania
Votes - 2889"
"Tirhut","15. Muzaffarpur","Muzaffarpur","Muzaffarpur

MLA- Ranjan Kumar ( BJP )
Caste - Bhumihar
Votes - 100477

Runner Up- Bijendra Chaudhary ( INC )
Caste - Kalwar
Votes - 67820

2nd Runner Up- Dr. A.K. Das ( JSP )
Caste - Kayasth
Votes - 10173

3rd Runner Up- Sanjay Kumar Kejriwal ( IND )
Caste - Marwari
Votes - 1651"
"Tirhut","15. Muzaffarpur","Bochaha (SC)","Bochaha (SC)

MLA- Baby Kumari ( LJP-R )
Caste - Dhobi
Votes - 108186

Runner Up- Amar Kumar Paswan ( RJD )
Caste - Dusadh
Votes - 87870

2nd Runner Up- Umesh Kumar Rajak ( JSP )
Caste - Dhobi
Votes - 5255

3rd Runner Up- Rajgeer Paswan ( BJKVP )
Caste - Dusadh
Votes - 3812"
"Tirhut","16. Vaishali","Baruraj","Baruraj

MLA- Arun Kumar Singh ( BJP )
Caste - Rajput
Votes - 96879

Runner Up- Rakesh Kumar ( VIP )
Caste - Yadav
Votes - 67827

2nd Runner Up- Hiralal Kharia ( JSP )
Caste - Kharia
Votes - 19935

3rd Runner Up- Awadhesh Kumar Gupta ( IND )
Caste - Bania
Votes - 4857"
"Tirhut","15. Muzaffarpur","Sakra (SC)","Sakra (SC)

MLA- Aditya Kumar ( JDU )
Caste - Pasi
Votes - 98723

Runner Up- Umesh Kumar Ram ( INC )
Caste - Ravidas
Votes - 83673

2nd Runner Up- Renu Kumari Urf Renu Paswan ( JSP )
Caste - Dusadh
Votes - 6414

3rd Runner Up- Sateesh Kumar ( IND )
Caste - Unknown
Votes - 3594"
"Tirhut","15. Muzaffarpur","Kurhani","Kurhani

MLA- Kedar Pd Gupta ( BJP )
Caste - Kanu
Votes - 107811

Runner Up- Sunil Kumar Suman ( RJD )
Caste - Kushwaha
Votes - 98093

2nd Runner Up- Dharmendra Kumar ( IND )
Caste - Teli
Votes - 6733

3rd Runner Up- Mohammad Ali Irfan ( JSP )
Caste - Minority
Votes - 4075"
"Tirhut","15. Muzaffarpur","Aurai","Aurai

MLA- Rama Nishad ( BJP )
Caste - Mallah
Votes - 104085

Runner Up- Bhogendra Sahni ( VIP )
Caste - Mallah
Votes - 46879

2nd Runner Up- Md. Aftab Alam ( ASP-Kanshi Ram )
Caste - Minority
Votes - 31430

3rd Runner Up- Akhilesh Kumar ( IND )
Caste - Unknown
Votes - 8915

4th Runner Up- Radha Raman ( JSP )
Caste - Bhumihar
Votes - 8705"
"Mithilanchal","14. Darbhanga","Alinagar","Alinagar

MLA- Maithili Thakur ( BJP )
Caste - Brahmin
Votes - 84915

Runner Up- Binod Mishra ( RJD )
Caste - Brahmin
Votes - 73185

2nd Runner Up- Saifuddin Ahmed ( IND )
Caste - Minority
Votes - 2803

3rd Runner Up- Biplaw Kumar Choudhary ( JSP )
Caste - Brahmin
Votes - 2275"
"Mithilanchal","14. Darbhanga","Bahadurpur","Bahadurpur

MLA- Madan Sahni ( JDU )
Caste - Mallah
Votes - 96300

Runner Up- Bhola Yadav ( RJD )
Caste - Yadav
Votes - 84289

2nd Runner Up- Ram Chatur Sahni ( IND )
Caste - Mallah
Votes - 6312

3rd Runner Up- Mohammad Amir Haider ( JSP )
Caste - Minority
Votes - 5579"
"Mithilanchal","6. Madhubani","Keoti","Keoti

MLA- Murari Mohan Jha ( BJP )
Caste - Brahmin
Votes - 89123

Runner Up- Faraz Fatmi ( RJD )
Caste - Muslim
Votes - 81818

2nd Runner Up- Mohammad Anisur Rahman ( AIMIM )
Caste - Muslim
Votes - 7474

3rd Runner Up- Biltu Sahni ( JSP )
Caste - Mallah
Votes - 4816"
"Mithilanchal","23. Samastipur (SC)","Hayaghat","Hayaghat

MLA- Ram Chandra Prasad ( BJP )
Caste - Kushwaha
Votes - 77222

Runner Up- Shyam Bharti ( CPI M )
Caste - Unknown
Votes - 65383

2nd Runner Up- Pratibha Singh ( JSP )
Caste - Rajput
Votes - 5759

3rd Runner Up- Mohammad Mahtab Alam ( IND )
Caste - Minority
Votes - 3667"
"Mithilanchal","14. Darbhanga","Darbhanga Rural","Darbhanga Rural

MLA- Rajesh Kumar Mandal ( JDU )
Caste - Dhanuk
Votes - 80624

Runner Up- Lalit Kumar Yadav ( RJD )
Caste - Yadav
Votes - 62232

2nd Runner Up- Md Jalaluddin Sahil ( AIMIM )
Caste - Minority
Votes - 17008

3rd Runner Up- Shyam Paswan ( IND )
Caste - Dusadh
Votes - 4638

4th Runner Up- Shoaib Ahmed Khan ( JSP )
Caste - Minority
Votes - 3814"
"Mithilanchal","6. Madhubani","Jale","Jale

MLA- Jibesh Kumar ( BJP )
Caste - Bhumihar
Votes - 100496

Runner Up- Rishi Mishra ( INC )
Caste - Brahmin
Votes - 78634

2nd Runner Up- Ranjit Sharma ( JSP )
Caste - Lohar
Votes - 5150

3rd Runner Up- Faishal Rahman ( AIMIM )
Caste - Minority
Votes - 4666"
"Mithilanchal","23. Samastipur (SC)","Kusheshwar Asthan (SC)","Kusheshwar Asthan (SC)

MLA- Atirek Kumar ( JDU )
Caste - SC
Votes - 85685

Runner Up- Ganesh Bharti ( IND )
Caste - SC
Votes - 49244

2nd Runner Up- Shatrudhan Paswan ( JSP )
Caste - Dusadh
Votes - 6488

3rd Runner Up- Satya Narayan Paswan ( MEP )
Caste - Dusadh
Votes - 5127"
"Mithilanchal","14. Darbhanga","Benipur","Benipur

MLA- Binay Kumar Choudhary ( JDU )
Caste - Brahmin
Votes - 84207

Runner Up- Mithilesh Kumar Choudhary ( INC )
Caste - Brahmin
Votes - 70604

2nd Runner Up- Amresh Kumar Amar ( JSP )
Caste - Unknown
Votes - 6558

3rd Runner Up- Chun Chun Jha ( IND )
Caste - Brahmin
Votes - 6532"
"Mithilanchal","14. Darbhanga","Gaura Bauram","Gaura Bauram

MLA- Sujeet Kumar ( BJP )
Caste - Rajput
Votes - 77682

Runner Up- Afzal Ali Khan ( RJD )
Caste - Minority
Votes - 72013

2nd Runner Up- Shyam Sundar Chaudhary ( IND )
Caste - Unknown
Votes - 6549

3rd Runner Up- Akhtar Shahansha ( AIMIM )
Caste - Minority
Votes - 3243

4th Runner Up- Dr Md Iftekhar Alam ( JSP )
Caste - Minority
Votes - 2506"
"Mithilanchal","14. Darbhanga","Darbhanga","Darbhanga

MLA- Sanjay Saraogi ( BJP )
Caste - Marwari
Votes - 97453

Runner Up- Umesh Sahani ( VIP )
Caste - Mallah
Votes - 72860

2nd Runner Up- Rakesh Kumar Mishra ( JSP )
Caste - Brahmin
Votes - 11758

3rd Runner Up- Md Nafisul Haque ( IND )
Caste - Minority
Votes - 2314"
"Mithilanchal","6. Madhubani","Harlakhi","Harlakhi

MLA- Sudhanshu Shekhar ( JDU )
Caste - Kushwaha
Votes - 85486

Runner Up- Rakesh Kumar Pandey ( CPI )
Caste - Bhumihar
Votes - 49250

2nd Runner Up- Md. Shabbir ( IND )
Caste - Minority
Votes - 22041

3rd Runner Up- Ratneshwar Thakur ( JSP )
Caste - Brahmin
Votes - 7982"
"Mithilanchal","7. Jhanjharpur","Jhanjharpur","Jhanjharpur

MLA- Nitish Mishra ( BJP )
Caste - Brahmin
Votes - 107958

Runner Up- Ram Narayan Yadav (CPI)
Caste - Yadav
Votes - 53109

2nd Runner Up- Keshavchandra Bhandari ( JSP )
Caste - Kewat
Votes - 11563

3rd Runner Up- Krishna Kumar Sahu ( IND )
Caste - Sahu
Votes - 4513"
"Mithilanchal","7. Jhanjharpur","Phulparas","Phulparas

MLA- Sheela Kumari ( JDU )
Caste - Dhanuk
Votes - 93677

Runner Up- Subodh Mandal ( INC )
Caste - Dhanuk
Votes - 79578

2nd Runner Up- Jalendra Mishra ( JSP )
Caste - Brahmin
Votes - 6274

3rd Runner Up- Ram Kumar Yadav ( IND )
Caste - Yadav
Votes - 5553"
"Mithilanchal","6. Madhubani","Madhubani","Madhubani

MLA- Madhav Anand ( RLM )
Caste - Bhumihar
Votes - 97956

Runner Up- Samir Kumar Mahaseth ( RJD )
Caste - Suri
Votes - 77404

2nd Runner Up- Rashid Khalil ( AIMIM )
Caste - Minority
Votes - 12971

3rd Runner Up- Anil Kumar Mishra ( JSP )
Caste - Brahmin
Votes - 8453"
"Mithilanchal","7. Jhanjharpur","Khajauli","Khajauli

MLA- Arun Shankar Prasad ( BJP )
Caste - Suri
Votes - 101151

Runner Up- Braj Kishor Yadav ( RJD )
Caste - Yadav
Votes - 88025

2nd Runner Up- Rupam Kumari ( JSP )
Caste - Yadav
Votes - 4637

3rd Runner Up- Rakesh Kumar Raushan ( IND )
Caste - Unknown
Votes - 2670"
"Mithilanchal","6. Madhubani","Benipatti","Benipatti

MLA- Vinod Narayan Jha ( BJP )
Caste - Brahmin
Votes - 87153

Runner Up- Nalini Ranjan Jha Alias Rupan Jha ( INC )
Caste - Brahmin
Votes - 63221

2nd Runner Up- Dr. B Jha Mrinal ( IND )
Caste - Brahmin
Votes - 10643

3rd Runner Up- Parvez Alam ( JSP )
Caste - Minority
Votes - 4220"
"Mithilanchal","7. Jhanjharpur","Rajnagar (SC)","Rajnagar (SC)

MLA- Sujeet Kumar ( BJP )
Caste - Dusadh
Votes - 108362

Runner Up- Bishnu Deo Mochi ( RJD )
Caste - Ravidas
Votes - 66177

2nd Runner Up- Surendra Kumar Das ( JSP )
Caste - Dusadh
Votes - 5669

3rd Runner Up- Rampari Devi ( AJPP_1 )
Caste - Unknown
Votes - 3568"
"Mithilanchal","7. Jhanjharpur","Laukaha","Laukaha

MLA- Satish Kumar Sah ( JDU )
Caste - Kanu
Votes - 111761

Runner Up- Bharat Bhushan Mandal ( RJD )
Caste - Dhanuk
Votes - 86250

2nd Runner Up- Ram Lakhan Yadav ( IND )
Caste - Yadav
Votes - 7652

3rd Runner Up- Renu Yadav ( JSP )
Caste - Dhanuk
Votes - 4579"
"Mithilanchal","7. Jhanjharpur","Babubarhi","Babubarhi

MLA- Mina Kumari ( JDU )
Caste - Kewat
Votes - 98221

Runner Up- Arun Kumar Singh ( RJD )
Caste - Kushwaha
Votes - 80653

2nd Runner Up- Alok Kumar Yadav ( JSP )
Caste - Yadav
Votes - 7740

3rd Runner Up- Umesh Kumar Yadav ( IND )
Caste - Yadav
Votes - 5547"
"Mithilanchal","6. Madhubani","Bisfi","Bisfi

MLA- Asif Ahmad (RJD)
Caste - Minority
Votes - 100771

Runner Up- Haribhushan Thakur (BJP)
Caste - Bhumihar
Votes - 92664

2nd Runner Up- Md Mohiuddin (IND)
Caste - Minority
Votes - 3772

3rd Runner Up- Sanjay Kumar Mishra (JSP)
Caste - Brahmin
Votes - 3124
"
"Samastipur","23. Samastipur (SC)","Warisnagar","Warisnagar

MLA- Manjarik Mrinal (JDU)
Caste - Kushwaha
Votes - 108968

Runner Up- Phoolbabu Singh (CPI-ML)
Caste - Kushwaha
Votes - 74532

2nd Runner Up- Satyanarayan Sahani (JSP)
Caste - Mallah
Votes - 13081

3rd Runner Up- Abhinav Raj (IND)
Caste - Rajput
Votes - 7255"
"Samastipur","23. Samastipur (SC)","Kalyanpur (SC)","Kalyanpur (SC)

MLA- Maheshwar Hajari (JDU)
Caste - Paswan
Votes - 118162

Runner Up- Ranjeet Kumar Ram (CPI-ML)
Caste - Ravidas
Votes - 79576

2nd Runner Up- Ram Balak Paswan (JSP)
Caste - Paswan
Votes - 16574

3rd Runner Up- Rajeev Kumar (IND)
Caste - Unknown
Votes - 5631
"
"Samastipur","22. Ujiarpur","Sarairanjan","Sarairanjan

MLA- Vijay Chaudhary (JDU)
Caste - Bhumihar
Votes - 102792

Runner Up- Arbind Kumar Sahani (RJD)
Caste - Mallah
Votes - 81994

2nd Runner Up- Kunal Kumar (IND)
Caste - Unknown
Votes - 6182

3rd Runner Up- Sajan Kumar Mishra (JSP)
Caste - Brahmin
Votes - 5493
"
"Samastipur","22. Ujiarpur","Bibhutipur","Bibhutipur

MLA- Ajay Kumar (CPI-M)
Caste - Kushwaha
Votes - 79246

Runner Up- Ravina Kushwaha (JDU)
Caste - Kushwaha
Votes - 68965

2nd Runner Up- Rupanjali Kumari (IND)
Caste - Unknown
Votes - 14456

3rd Runner Up- Vishwanath Choudhary (JSP)
Caste - Choudhary
Votes - 13450"
"Samastipur","22. Ujiarpur","Ujiarpur","Ujiarpur

MLA- Alok Kumar Mehta (RJD)
Caste - Kushwaha
Votes - 102707

Runner Up- Prashant Kumar Pankaj (RLM)
Caste - Kushwaha
Votes - 86424

2nd Runner Up- Durga Prasad Singh (JSP)
Caste - Kushwaha
Votes - 9502

3rd Runner Up- Upendra Kumar (IND)
Caste - Unknown
Votes - 6452"
"Samastipur","23. Samastipur (SC)","Rosera (SC)","Rosera (SC)

MLA- Birendra Kumar (BJP)
Caste - Paswan
Votes - 122773

Runner Up- Braj Kishore Ravi (INC)
Caste - Ravidas
Votes - 72240

2nd Runner Up- Rohit Kumar (JSP)
Caste - Paswan
Votes - 14913

3rd Runner Up- Rajesh Kumar Paswan (IND)
Caste - Paswan
Votes - 3885"
"Samastipur","23. Samastipur (SC)","Samastipur","Samastipur

MLA- Ashwamedh Devi (JDU)
Caste - Kushwaha
Votes - 95728

Runner Up- Akhtarul Islam Shahin (RJD)
Caste - Unknown
Votes - 81853

2nd Runner Up- Chetna Jhamb (IND)
Caste - Unknown
Votes - 6193

3rd Runner Up- Manoj Kumar Singh (JSP)
Caste - Kushwaha
Votes - 4938"
"Samastipur","25. Khagaria","Hasanpur","Hasanpur

MLA- Raj Kumar Ray (JDU)
Caste - Yadav
Votes - 90961

Runner Up- Mala Pushpam (RJD)
Caste - Yadav
Votes - 83047

2nd Runner Up- Indu Devi (JSP)
Caste - Teli
Votes - 9553

3rd Runner Up- Manoj Mukhiya (IND)
Caste - Mukhiya
Votes - 4673"
"Samastipur","22. Ujiarpur","Morwa","Morwa

MLA- Ranvijay Sahu (RJD)
Caste - Kanu
Votes - 77770

Runner Up- Vidya Sagar Singh Nishad (JDU)
Caste - Mallah
Votes - 69099

2nd Runner Up- Abhay Kumar Singh (IND)
Caste - Unknown
Votes - 30046

3rd Runner Up- Jagriti (JSP)
Caste - Nai
Votes - 4131"
"Samastipur","22. Ujiarpur","Mohiuddinnagar","Mohiuddinnagar

MLA- Rajesh Kumar Singh (BJP)
Caste - Rajput
Votes - 89208

Runner Up- Ejya Yadav (RJD)
Caste - Yadav
Votes - 77526

2nd Runner Up- Raj Kapoor Singh (JSP)
Caste - Rajput
Votes - 4414

3rd Runner Up- Vishwanath Sah (IND)
Caste - Unknown
Votes - 2230"
"Samastipur","21. Hajipur (SC)","Mahnar","Mahnar

MLA- Umesh Singh Kushwaha (JDU)
Caste - Kushwaha
Votes - 98050

Runner Up- Ravindra Kumar Singh (RJD)
Caste - Rajput
Votes - 59492

2nd Runner Up- Sanjay Kumar Ray (IND)
Caste - Unknown
Votes - 14153

3rd Runner Up- Dr. Rajesh Kumar (JSP)
Caste - Barai
Votes - 4512"
"Samastipur","16. Vaishali","Vaishali","Vaishali

MLA- Siddharth Patel (JDU)
Caste - Kurmi
Votes - 108377

Runner Up- Ajay Kumar Kushwaha (RJD)
Caste - Kushwaha
Votes - 75787

2nd Runner Up- Sanjeev Singh (INC)
Caste - Bhumihar
Votes - 20395

3rd Runner Up- Sunil Kumar (JSP)
Caste - Bhumihar
Votes - 9108"
"Samastipur","21. Hajipur (SC)","Raghopur","Raghopur

MLA- Tejashwi Prasad Yadav (RJD)
Caste - Yadav
Votes - 118597

Runner Up- Satish Kumar (BJP)
Caste - Rajput
Votes - 104065

2nd Runner Up- Baliram Singh (IND)
Caste - Rajput
Votes - 3086

3rd Runner Up- Chanchal Kumar (JSP)
Caste - Unknown
Votes - 2399"
"Samastipur","21. Hajipur (SC)","Raja Pakar (SC)","Raja Pakar (SC)

MLA- Mahendra Ram (JDU)
Caste - Ravidas
Votes - 96258

Runner Up- Pratima Kumari (INC)
Caste - Ravidas
Votes - 48069

2nd Runner Up- Mohit Paswan (CPI)
Caste - Paswan
Votes - 12990

3rd Runner Up- Ajay Kumar Paswan (IND)
Caste - Paswan
Votes - 5748

4th Runner Up- Mukesh Kumar (JSP)
Caste - Unknown
Votes - 4701"
"Samastipur","22. Ujiarpur","Patepur (SC)","Patepur (SC)

MLA- Lakhendra Kumar Raushan (BJP)
Caste - Dusadh
Votes - 108356

Runner Up- Prema Chaudhary (RJD)
Caste - Pasi
Votes - 85976

2nd Runner Up- Dasai Chaudhary (JSP)
Caste - Dhobi
Votes - 4181

3rd Runner Up- Sanjay Paswan (IND)
Caste - Paswan
Votes - 3423"
"Samastipur","21. Hajipur (SC)","Lalganj","Lalganj

MLA- Sanjay Kumar Singh (BJP)
Caste - Rajput
Votes - 127650

Runner Up- Shivani Shukla (RJD)
Caste - Bhumihar
Votes - 95483

2nd Runner Up- Dhirendra Kumar Mahto (IND)
Caste - Mahto
Votes - 4441

3rd Runner Up- Amar Kumar Singh (JSP)
Caste - Kurmi
Votes - 4215"
"Samastipur","21. Hajipur (SC)","Hajipur","Hajipur

MLA- Awadhesh Singh (BJP)
Caste - Kurmi
Votes - 113221

Runner Up- Deo Kumar Chaurasia (RJD)
Caste - Barai
Votes - 94712

2nd Runner Up- Pratibha Sinha (JSP)
Caste - Bhumihar
Votes - 4701

3rd Runner Up- Sunil Roy (IND)
Caste - Roy
Votes - 2226"
"Samastipur","21. Hajipur (SC)","Mahua","Mahua

MLA- Sanjay Kumar Singh (LJP-R)
Caste - Rajput
Votes - 87641

Runner Up- Mukesh Kumar Raushan (RJD)
Caste - Yadav
Votes - 42644

2nd Runner Up- Tej Pratap Yadav (JJD)
Caste - Yadav
Votes - 35703

3rd Runner Up- Amit Kumar (AIMIM)
Caste - Unknown
Votes - 15783

7th Runner Up- Indrajeet Pradhan (JSP)
Caste - Pradhan
Votes - 2386"
"Champaran","3. Purvi Champaran","Harsidhi (SC)","Harsidhi (SC)

MLA- Krishnanandan Paswan ( BJP )
Caste - Dusadh
Votes - 96864

Runner Up- Rajendra Kumar ( RJD )
Caste - Ravidas
Votes - 89769

2nd Runner Up- Awadhesh Kumar ( JSP )
Caste - Unknown
Votes - 9568

3rd Runner Up- Anil Jha ( IND )
Caste - Brahmin
Votes - 3240"
"Champaran","4. Sheohar","Madhuban","Madhuban

MLA- Rana Randhir ( BJP )
Caste - Rajput
Votes - 86002

Runner Up- Sandhya Rani ( RJD )
Caste - Kushwaha
Votes - 80510

2nd Runner Up- Vijay Kumar Kushwaha ( JSP )
Caste - Kushwaha
Votes - 5383

3rd Runner Up- Shashi Ranjan Kumar Alias Sonu Singh ( IND )
Caste - Unknown
Votes - 2647"
"Champaran","2. Paschim Champaran","Raxaul","Raxaul

MLA- Pramod Kumar Sinha ( BJP )
Caste - Kushwaha
Votes - 106765

Runner Up- Shyam Bihari Prasad ( INC )
Caste - Kalwar
Votes - 88887

2nd Runner Up- Kapil Dev Prasad ( JSP )
Caste - Kushwaha
Votes - 14656

3rd Runner Up- Dhurendra Kumar ( IND )
Caste - Unknown
Votes - 1460"
"Champaran","3. Purvi Champaran","Motihari","Motihari

MLA- Pramod Kumar ( BJP )
Caste - Kanu
Votes - 106080

Runner Up- Dewa Gupta ( RJD )
Caste - Kalwar
Votes - 92517

2nd Runner Up- Atul Kumar ( JSP )
Caste - Unknown
Votes - 6592

3rd Runner Up- Divyanshu Bhardwaj ( IND )
Caste - Unknown
Votes - 2082"
"Champaran","3. Purvi Champaran","Kalyanpur (EC)","Kalyanpur (EC)

MLA- Sachindra Prasad Singh (BJP)
Caste - Bhumihar
Votes - 89057

Runner Up- Manoj Kumar Yadav (RJD)
Caste - Yadav
Votes - 73489

2nd Runner Up- Mantosh Kumar Sahni (JSP)
Caste - Sahni
Votes - 5206

3rd Runner Up- Md Badiuzzaman (BSP)
Caste - Muslim
Votes - 4490"
"Champaran","3. Purvi Champaran","Pipra (EC)","Pipra (EC)

MLA- Shyam Babu Prasad Yadav (BJP)
Caste - Yadav
Votes - 110422

Runner Up- Rajmangal Prasad (CPI M)
Caste - Kushwaha
Votes - 99677

2nd Runner Up- Subodh Kumar (JSP)
Caste - Yadav
Votes - 9487

3rd Runner Up- Rajmangal Prasad (IND)
Caste - Unknown
Votes - 4872"
"Champaran","3. Purvi Champaran","Kesaria","Kesaria

MLA- Shalini Mishra (JDU)
Caste - Bhumihar
Votes - 78192

Runner Up- Varun Vijay (VIP)
Caste - Rajput
Votes - 61852

2nd Runner Up- Naj Ahamad Khan (JSP)
Caste - Muslim
Votes - 11206

3rd Runner Up- Sunil Kumar (IND)
Caste - Unknown
Votes - 4567"
"Champaran","4. Sheohar","Dhaka","Dhaka

MLA- Faisal Rahman (RJD)
Caste - Muslim
Votes - 112727

Runner Up- Pawan Kumar Jaiswal (BJP)
Caste - Kalwar
Votes - 112549

2nd Runner Up- Doctor L. B. Prasad (JSP)
Caste - Unknown
Votes - 8347

3rd Runner Up- Rana Ranjit
Caste - Unknown
Votes - 5730"
"Champaran","2. Paschim Champaran","Sugauli","Sugauli

MLA- Rajesh Kumar Alias Bablu Gupta (LJP-R)
Caste - Baniya
Votes - 98875

Runner Up- Shyam Kishor Chaudhary (JJD)
Caste - Mallah
Votes - 40684

2nd Runner Up- Zulfiquar Aftab (BSP)
Caste - Muslim
Votes - 25036

3rd Runner Up- Ajay Kumar Jha (JSP)
Caste - Brahmin
Votes - 24718"
"Champaran","4. Sheohar","Chiraia","Chiraia

MLA- Lal Babu Prasad Gupta (BJP)
Caste - Teli
Votes - 90572

Runner Up- Lakshmi Narayan Prasad Yadav (RJD)
Caste - Yadav
Votes - 51212

2nd Runner Up- Achchhelal Prasad (IND)
Caste - Yadav
Votes - 34874

3rd Runner Up- Sanjay Kumar (JSP)
Caste - Unknown
Votes - 15590"
"Champaran","3. Purvi Champaran","Govindganj","Govindganj

MLA- Raju Tiwari (LJP-R)
Caste - Brahmin
Votes - 96034

Runner Up- Shashi Bhushan Rai Alias Gappu Rai (INC)
Caste - Bhumihar
Votes - 63351

2nd Runner Up- Krishna Kant Mishra (JSP)
Caste - Brahmin
Votes - 9830

3rd Runner Up- Nitesh Kumar Shrivastava (TPLRSP)
Caste - Kayastha
Votes - 3770"
"Champaran","2. Paschim Champaran","Narkatia","Narkatia

MLA- Vishal Kumar (JDU)
Caste - Teli
Votes - 104450

Runner Up- Shamim Ahmad (RJD)
Caste - Muslim
Votes - 103007

2nd Runner Up- Lal Babu Prasad (JSP)
Caste - Unknown
Votes - 7002

3rd Runner Up- Md Harun Rashid (IND)
Caste - Muslim
Votes - 1937"
"Champaran","1. Valmiki Nagar","Narkatiaganj","Narkatiaganj

MLA- Sanjay Kumar Pandey (BJP)
Caste - Brahmin
Votes - 100044

Runner Up- Deepak Yadav (RJD)
Caste - Yadav
Votes - 73586

2nd Runner Up- Shashwat Kedar (INC)
Caste - Brahmin
Votes - 5388

3rd Runner Up- Md. Wasiullah (JSP)
Caste - Muslim
Votes - 4238"
"Champaran","1. Valmiki Nagar","Sikta","Sikta

MLA- Sammridh Varma (JDU)
Caste - Kayastha
Votes - 97173

Runner Up- Khurshid Firoz Ahmad (IND)
Caste - Muslim
Votes - 50029

2nd Runner Up- Birendra Prasad Gupta (CPI(ML))
Caste - Teli
Votes - 37431

3rd Runner Up- Utkarsh Srivastava (JSP)
Caste - Kayastha
Votes - 8181"
"Champaran","1. Valmiki Nagar","Lauriya","Lauriya

MLA- Vinay Bihari (BJP)
Caste - Rajput
Votes - 96510

Runner Up- Ran Kaushal Pratap Singh (VIP)
Caste - Kurmi
Votes - 69544

2nd Runner Up- Sunil Kumar (JSP)
Caste - Unknown
Votes - 15722

3rd Runner Up- Pappu Kumar Thakur (TPLRSP)
Caste - Thakur
Votes - 4035"
"Champaran","2. Paschim Champaran","Nautan","Nautan

MLA- Narayan Prasad (BJP)
Caste - Teli
Votes - 101952

Runner Up- Amit Kumar (INC)
Caste - Giri-Brahmin
Votes - 79880

2nd Runner Up- Santosh Chaudhari (JSP)
Caste - Chaudhari
Votes - 12082

3rd Runner Up- Virendra Rao (BSP)
Caste - Rao
Votes - 2714"
"Champaran","1. Valmiki Nagar","Bagaha","Bagaha

MLA- Ram Singh (BJP)
Caste - Chauhan
Votes - 106875

Runner Up- Jayesh Mangalam Singh (INC)
Caste - Rajput
Votes - 100562

2nd Runner Up- Nandesh Pandey Urf Chunnu Pandey (JSP)
Caste - Brahmin
Votes - 5799

3rd Runner Up- Dinesh Agrawal (IND)
Caste - Bania
Votes - 4239"
"Champaran","2. Paschim Champaran","Bettiah","Bettiah

MLA- Renu Devi (BJP)
Caste - Nonia
Votes - 91907

Runner Up- Washi Ahmad (INC)
Caste - Muslim
Votes - 69534

2nd Runner Up- Rohit Kumar Sikaria (IND)
Caste - Marwari-Bania
Votes - 24665

3rd Runner Up- Anil Kumar Singh (JSP)
Caste - Rajput
Votes - 6297"
"Champaran","2. Paschim Champaran","Chanpatia","Chanpatia

MLA- Abhishek Ranjan (INC)
Caste - Kanu
Votes - 87538

Runner Up- Umakant Singh (BJP)
Caste - Bhumihar
Votes - 86936

2nd Runner Up- Tripurari Kumar Tiwari Alias Manish Kashyap (JSP)
Caste - Brahmin
Votes - 37172

3rd Runner Up- Bipin Tiwari Alias Bipin Nath Tiwari (LAJSP)
Caste - Brahmin
Votes - 2108"
"Champaran","1. Valmiki Nagar","Valmiki Nagar","Valmiki Nagar

MLA- Surendra Prasad (INC)
Caste - Kushwaha
Votes - 107730

Runner Up- Dhirendra Pratap Singh Alias Rinku Singh (JDU)
Caste - Rajput
Votes - 106055

2nd Runner Up- Rameshwar Yadav (BSP)
Caste - Yadav
Votes - 5312

4th Runner Up- Mahmad Jalil (IND)
Caste - Muslim
Votes - 2426"
"Champaran","1. Valmiki Nagar","Ramnagar (SC)","Ramnagar (SC)

MLA- Nand Kishor Ram (BJP)
Caste - Ravidas
Votes - 115214

Runner Up- Subodh Kumar (RJD)
Caste - Dusadh
Votes - 79534

2nd Runner Up- Pappu Kumar Ranjan (JSP)
Caste - Unknown
Votes - 6992

3rd Runner Up- Aaditya Kumar (BSP)
Caste - Unknown
Votes - 2663"
"Saran","19. Maharajganj","Baniapur","Baniapur

MLA- Kedar Nath Singh (BJP)
Caste - Rajput
Votes - 95606

Runner Up- Chandni Devi (RJD)
Caste - Rajput
Votes - 80170

2nd Runner Up- Shravan Kumar (JSP)
Caste - Unknown
Votes - 8638

3rd Runner Up- Shyam Kumar Singh (IND)
Caste - Rajput
Votes - 3831"
"Saran","19. Maharajganj","Taraiya","Taraiya

MLA- Janak Singh (BJP)
Caste - Rajput
Votes - 85564

Runner Up- Shailendra Pratap (RJD)
Caste - Rajput
Votes - 84235

2nd Runner Up- Satyendra Kumar Sahni (JSP)
Caste - Mallah
Votes - 5086

3rd Runner Up- Mumtaj Ansari (IND)
Caste - Muslim
Votes - 2748"
"Saran","20. Saran","Sonepur","Sonepur

MLA- Vinay Kumar Singh (BJP)
Caste - Rajput
Votes - 90842

Runner Up- Dr. Ramanuj Prasad (RJD)
Caste - Yadav
Votes - 86075

2nd Runner Up- Chandan Lal Mehta (JSP)
Caste - Kushwaha
Votes - 11977

3rd Runner Up- Ramesh Kumar (IND)
Caste - Unknown
Votes - 3156"
"Saran","19. Maharajganj","Ekma","Ekma

MLA- Manoranjan Singh (JDU)
Caste - Bhumihar
Votes - 84077

Runner Up- Srikant Yadav (RJD)
Caste - Yadav
Votes - 61369

2nd Runner Up- Deo Kumar Singh (JSP)
Caste - Rajput
Votes - 7642

3rd Runner Up- Lakshman Manjhi (BSP)
Caste - Manjhi
Votes - 2992"
"Saran","19. Maharajganj","Manjhi","Manjhi

MLA- Randhir Kumar Singh (JDU)
Caste - Rajput
Votes - 68455

Runner Up- Dr. Satyendra Yadav (CPI(M))
Caste - Yadav
Votes - 58668

2nd Runner Up- Rana Pratap Singh (IND)
Caste - Rajput
Votes - 19139

3rd Runner Up- Y.V. Giri (JSP)
Caste - Unknown
Votes - 9306"
"Saran","20. Saran","Chapra","Chapra

MLA- Chhoti Kumari (BJP)
Caste - Teli
Votes - 86845

Runner Up- Shatrughan Yadav (RJD)
Caste - Yadav
Votes - 79245

2nd Runner Up- Rakhi Gupta (IND)
Caste - Sonar
Votes - 11488

3rd Runner Up- Jai Prakash Singh (JSP)
Caste - Rajput
Votes - 3433"
"Saran","20. Saran","Amnour","Amnour

MLA- Krishan Kumar Mantoo (BJP)
Caste - Kurmi
Votes - 75525

Runner Up- Sunil Kumar (RJD)
Caste - Yadav
Votes - 71717

2nd Runner Up- Rahul Kumar Singh (JSP)
Caste - Rajput
Votes - 6031

3rd Runner Up- Puja Kumari (BSP)
Caste - Unknown
Votes - 5695"
"Saran","20. Saran","Garkha (SC)","Garkha (SC)

MLA- Surendra Ram (RJD)
Caste - Ravidas
Votes - 91134

Runner Up- Simant Mrinal (LJP-R)
Caste - Paswan
Votes - 78330

2nd Runner Up- Muneshwar Chaudhary (IND)
Caste - Pasi
Votes - 9453

3rd Runner Up- Manohar Kumar Ram (JSP)
Caste - Ravidas
Votes - 5314"
"Saran","20. Saran","Parsa","Parsa

MLA- Karishma (RJD)
Caste - Yadav
Votes - 89093

Runner Up- Chhote Lal Rai (JDU)
Caste - Yadav
Votes - 63321

2nd Runner Up- Mosaheb Mahto (JSP)
Caste - Koeri/Kushwaha
Votes - 10126

3rd Runner Up- Shriniwas Sah (IND)
Caste - Teli
Votes - 3211"
"Saran","20. Saran","Marhaura","Marhaura

MLA- Jitendra Kumar Rai (RJD)
Caste - Yadav
Votes - 86118

Runner Up- Naveen Kumar Singh Urf Abhay Singh (JSP)
Caste - Rajput
Votes - 58190

2nd Runner Up- Ankit Kumar (IND)
Caste - Kanu
Votes - 17310

3rd Runner Up- Sandev Kumar Ray (IND)
Caste - Mallah
Votes - 3483"
"Saran","18. Siwan","Raghunathpur","Raghunathpur

MLA- Osama Shahab (RJD)
Caste - Muslim
Votes - 88278

Runner Up- Vikash Kumar Singh (JDU)
Caste - Rajput
Votes - 79030

2nd Runner Up- Rahul Kirti (JSP)
Caste - Unknown
Votes - 3071

3rd Runner Up- Upendra Singh (IND)
Caste - Rajput
Votes - 2909"
"Saran","19. Maharajganj","Maharajganj","Maharajganj

MLA- Hem Narayan Sah (JDU)
Caste - Teli
Votes - 86813

Runner Up- Vishal Kumar Jaiswal (RJD)
Caste - Kalwar
Votes - 65714

2nd Runner Up- Sunil Ray (JSP)
Caste - Unknown
Votes - 8165

3rd Runner Up- Nitish Kumar Diwedi (IND)
Caste - Unknown
Votes - 6254"
"Saran","18. Siwan","Barharia","Barharia

MLA- Indradev Singh (JDU)
Caste - Kurmi
Votes - 93600

Runner Up- Arun Kumar Gupta (RJD)
Caste - Baniya
Votes - 81464

2nd Runner Up- Shyam Bahadur Singh (IND)
Caste - Kurmi
Votes - 4692

3rd Runner Up- Shekh Shahnawaz Alam (JSP)
Caste - Unknown
Votes - 3750"
"Saran","18. Siwan","Ziradei","Ziradei

MLA- Bhism Pratap Singh (JDU)
Caste - Kushwaha
Votes - 66227

Runner Up- Amarjeet Kushwaha (CPI(ML)(L))
Caste - Kushwaha
Votes - 63601

2nd Runner Up- Munna Pandey (JSP)
Caste - Brahmin
Votes - 10125

3rd Runner Up- Pramod Kumar Mall (BSP)
Caste - Mallah
Votes - 5102"
"Saran","18. Siwan","Siwan","Siwan

MLA- Mangal Pandey (BJP)
Caste - Brahmin
Votes - 92379

Runner Up- Awadh Bihari Choudhary (RJD)
Caste - Yadav
Votes - 83009

2nd Runner Up- Mohammad Kaifi Samshir (AIMIM)
Caste - Muslim
Votes - 3493

3rd Runner Up- Intekhab Ahmad (JSP)
Caste - Muslim
Votes - 2543"
"Saran","18. Siwan","Darauli (SC)","Darauli (SC)

MLA- Vishnu Deo Paswan (LJP-R)
Caste - Dusadh
Votes - 83014

Runner Up- Satyadeo Ram (CPI-ML)
Caste - Ravidas
Votes - 73442

2nd Runner Up- Ganesh Ram (JSP)
Caste - Unknown
Votes - 4630

3rd Runner Up- Manoj Ram (SBSP)
Caste - Unknown
Votes - 3908"
"Saran","18. Siwan","Daraundha","Daraundha

MLA- Karnjeet Singh Alias Vyas Singh (BJP)
Caste - Rajput
Votes - 87047

Runner Up- Amarnath Yadav (CPI-ML)
Caste - Yadav
Votes - 68680

2nd Runner Up- Gudiya Devi (IND)
Caste - Bhumihar
Votes - 11133

3rd Runner Up- Satyandra Yadav (JSP)
Caste - Yadav
Votes - 6731"
"Saran","19. Maharajganj","Goriyakothi","Goriyakothi

MLA- Devesh Kant Singh (BJP)
Caste - Bhumihar
Votes - 105909

Runner Up- Anwarul Haque (RJD)
Caste - Muslim
Votes - 93524

2nd Runner Up- Ashok Kumar Varma (IND)
Caste - Unknown
Votes - 2797

3rd Runner Up- Ejaz Ahmad Siddique (JSP)
Caste - Muslim
Votes - 3281"
"Saran","17. Gopalganj (SC)","Baikunthpur","Baikunthpur

MLA- Mithilesh Tiwari (BJP)
Caste - Brahmin
Votes - 104133

Runner Up- Prem Shankar Prasad (RJD)
Caste - Yadav
Votes - 87180

2nd Runner Up- Ajay Prasad (JSP)
Caste - Unknown
Votes - 7335

3rd Runner Up- Pradeep Kumar (BSP)
Caste - Unknown
Votes - 4142"
"Saran","17. Gopalganj (SC)","Hathua","Hathua

MLA- Ramsewak Singh (JDU)
Caste - Kushwaha
Votes - 92121

Runner Up- Rajesh Kumar Singh (RJD)
Caste - Kushwaha
Votes - 79773

2nd Runner Up- Sanjay Kumar Suman (JSP)
Caste - Unknown
Votes - 5089

3rd Runner Up- Shabnam Khatun (BSP)
Caste - Muslim
Votes - 3789"
"Saran","17. Gopalganj (SC)","Kuchaikote","Kuchaikote

MLA- Amrendra Kumar Pandey (JDU)
Caste - Brahmin
Votes - 101425

Runner Up- Hari Narayan Singh (INC)
Caste - Kushwaha
Votes - 76934

2nd Runner Up- Vijay Kumar Choubey (JSP)
Caste - Brahmin
Votes - 6077

3rd Runner Up- Baliram Singh (BSP)
Caste - Unknown
Votes - 5542"
"Saran","17. Gopalganj (SC)","Barauli","Barauli

MLA- Manjeet Kumar Singh (JDU)
Caste - Rajput
Votes - 88657

Runner Up- Dilip Kumar Singh (RJD)
Caste - Rajput
Votes - 76283

2nd Runner Up- Reyazul Haque Urf Raju (BSP)
Caste - Muslim
Votes - 13397

3rd Runner Up- Sonu Kumar (IND)
Caste - Unknown
Votes - 4804"
"Saran","17. Gopalganj (SC)","Bhore (SC)","Bhore (SC)

MLA- Sunil Kumar (JDU)
Caste - Ravidas
Votes - 101469

Runner Up- Dhananjay (CPI(ML)(L))
Caste - Paswan
Votes - 85306

2nd Runner Up- Priti Kinnar (JSP)
Caste - Kinnar
Votes - 8602

3rd Runner Up- Surendra Kumar Ram (BSP)
Caste - Ravidas
Votes - 6132"
"Saran","17. Gopalganj (SC)","Gopalganj","Gopalganj

MLA- Subhash Singh (BJP)
Caste - Rajput
Votes - 96892

Runner Up- Om Prakash Garg (INC)
Caste - Brahmin
Votes - 67920

2nd Runner Up- Anash Salam (AIMIM)
Caste - Muslim
Votes - 14225

3rd Runner Up- Indira Yadav (BSP)
Caste - Yadav
Votes - 8079"
"Tirhut","5. Sitamarhi","Bathnaha (SC)","Bathnaha (SC)

MLA- Anil Kumar (BJP)
Caste - Ravidas
Votes - 123698

Runner Up- Navin Kumar (INC)
Caste - Pasi
Votes - 71929

2nd Runner Up- Nawal Kishor Choudhary (JSP)
Caste - Unknown
Votes - 5282

3rd Runner Up- Pramod Baitha (IND)
Caste - Unknown
Votes - 1972"
"Tirhut","5. Sitamarhi","Sitamarhi","Sitamarhi

MLA- Sunil Kumar Pintu (BJP)
Caste - Teli
Votes - 104226

Runner Up- Sunil Kumar (RJD)
Caste - Kushwaha
Votes - 98664

2nd Runner Up- Ram Kishor Ray (IND)
Caste - Unknown
Votes - 2867

3rd Runner Up- Upendra Sahani (RJP)
Caste - Sahani/Mallah
Votes - 2419"
"Tirhut","5. Sitamarhi","Parihar","Parihar

MLA- Gayetri Devi (BJP)
Caste - Yadav
Votes - 82644

Runner Up- Ritu Jaiswal (IND)
Caste - Baniya
Votes - 65455

2nd Runner Up- Smita Gupta (RJD)
Caste - Suri-Baniya
Votes - 48534

3rd Runner Up- Awadhesh Prasad (JSP)
Caste - Kushwaha
Votes - 3217"
"Tirhut","5. Sitamarhi","Sursand","Sursand

MLA- Prof. Nagendra Raut (JDU)
Caste - Suri-Baniya
Votes - 104157

Runner Up- Syed Abu Dojana (RJD)
Caste - Muslim
Votes - 80490

2nd Runner Up- Usha Kiran (JSP)
Caste - Unknown
Votes - 5993

3rd Runner Up- Rajeev Nand (IND)
Caste - Unknown
Votes - 3625"
"Tirhut","5. Sitamarhi","Bajpatti","Bajpatti

MLA- Rameshwar Kumar Mehto (RLM)
Caste - Kushwaha
Votes - 99144

Runner Up- Mukesh Kumar Yadav (RJD)
Caste - Yadav
Votes - 95749

2nd Runner Up- Aajam Khan (JSP)
Caste - Muslim
Votes - 6174

3rd Runner Up- Md. Munna Mansuri (IND)
Caste - Mansuri (Muslim)
Votes - 3105"
"Tirhut","5. Sitamarhi","Runnisaidpur","Runnisaidpur

MLA- Pankaj Kumar (JDU)
Caste - Bhumihar
Votes - 93672

Runner Up- Chandan Kumar (RJD)
Caste - Yadav
Votes - 73935

2nd Runner Up- Vijay Kumar Sah (JSP)
Caste - Kanu
Votes - 7671

3rd Runner Up- Sanjay Kumar (IND)
Caste - Unknown
Votes - 3737"
"Tirhut","4. Sheohar","Riga","Riga

MLA- Baidyanath Prasad (BJP)
Caste - Baniya
Votes - 117393

Runner Up- Amit Kumar (INC)
Caste - Rajput
Votes - 84268

2nd Runner Up- Ramashish Ray (IND)
Caste - Unknown
Votes - 4041

3rd Runner Up- Krishna Mohan Singh (JSP)
Caste - Rajput
Votes - 3078"
"Tirhut","4. Sheohar","Belsand","Belsand

MLA- Amit Kumar (LJP-R)
Caste - Rajput
Votes - 82076

Runner Up- Sanjay Kumar Gupta (RJD)
Caste - Baniya
Votes - 59391

2nd Runner Up- Arpna Singh (JSP)
Caste - Unknown
Votes - 19025

3rd Runner Up- Rana Randhir Singh Chouhan (BSP)
Caste - Rajput
Votes - 7600"
"Tirhut","4. Sheohar","Sheohar","Sheohar

MLA- Shweta Gupta (JDU)
Caste - Baniya
Votes - 97269

Runner Up- Navneet Kumar (RJD)
Caste - Brahmin
Votes - 65871

2nd Runner Up- Md Sharfuddin (BSP)
Caste - Muslim
Votes - 16469

3rd Runner Up- Niraj Singh (JSP)
Caste - Rajput
Votes - 13952"
"Magadh","38. Gaya (SC)","Bodh Gaya (SC)","Bodh Gaya (SC)

MLA- Kumar Sarvjeet (RJD)
Caste - Dusadh
Votes - 100236

Runner Up- Shyamdeo Paswan (LJP-RV)
Caste - Dusadh
Votes - 99355

2nd Runner Up- Nandlal Kumar (IND)
Caste - Unknown
Votes - 10181

3rd Runner Up- Lakshman Manjhi (JSP)
Caste - Manjhi
Votes - 4024"
"Magadh","38. Gaya (SC)","Wazirganj","Wazirganj

MLA- Birendra Singh (BJP)
Caste - Bhumihar
Votes - 94574

Runner Up- Awadhesh Kumar Singh (INC)
Caste - Rajput
Votes - 81841

2nd Runner Up- Chitranjan Kumar (BSP)
Caste - Unknown
Votes - 14303

3rd Runner Up- Santosh Kumar (JSP)
Caste - Teli
Votes - 5017"
"Magadh","37. Aurangabad","Tikari","Tikari

MLA- Ajay Kumar (RJD)
Caste - Koiri
Votes - 97550

Runner Up- Anil Kumar (HAM)
Caste - Bhumihar
Votes - 95492

2nd Runner Up- Subodh Kumar Singh (IND)
Caste - Unknown
Votes - 3730

3rd Runner Up- Uday Paswan (BSP)
Caste - Dusadh
Votes - 2807

4th Runner Up- Shashi Kumar (JSP)
Caste - Yadav
Votes - 2552"
"Magadh","38. Gaya (SC)","Gaya Town","Gaya Town

MLA- Prem Kumar (BJP)
Caste - Kahar
Votes - 90878

Runner Up- Akhaury Onkar Nath (INC)
Caste - Kayasth
Votes - 64455

2nd Runner Up- Dhirendra Agrawal (JSP)
Caste - Bania
Votes - 4479

3rd Runner Up- Mukesh Kumar Sinha (IND)
Caste - Unknown
Votes - 1115"
"Magadh","37. Aurangabad","Gurua","Gurua

MLA- Upendra Prasad ( BJP )
Caste - Koiri
Votes - 99758

Runner Up- Vinay Kumar ( RJD )
Caste - Yadav
Votes - 75564

2nd Runner Up- Raghvendra Narayan Yadav ( BSP )
Caste - Yadav
Votes - 8242

3rd Runner Up - Sanjeev Shayam Singh ( JSP )
Caste - Rajput
Votes - 4400"
"Magadh","38. Gaya (SC)","Sherghati","Sherghati
MLA- Uday Kumar Singh ( LJP )
Caste - Yadav
Votes - 77270
Runner Up- Pramod Kumar Verma ( RJD )
Caste - Sonar
Votes - 63746
2nd Runner Up- Pawan Kishore ( JSP )
Caste - Bhumiar
Votes - 18982
3rd Runner Up - Shane Ali Khan ( AIMIM )
Caste - Minority
Votes - 14754"
"Magadh","36. Jehanabad","Atri","Atri

MLA- Romit Kumar ( HAM )
Caste - Bhumihar
Votes - 102102

Runner Up- Baijayanti Devi ( RJD )
Catste - Yadav
Votes - 76325

2nd Runner Up- Shailendra Kumar ( JSP )
Caste - Bhumihar
Votes - 3177

3rd Runner Up - Md Vakil Varish
Caste - Minority ( Ansari )
Votes - 2817"
"Magadh","38. Gaya (SC)","Barachatti (SC)","Barachatti (SC)
MLA- Jyoti Devi ( HAM )
Caste - Mushar
Votes - 108271
Runner Up- Tanushree kumari ( RJD )
Caste - Mushar
Votes - 99378
2nd Runner Up- Hemant Kumar Paswan ( JSP )
Caste - Paswan
Votes - 3967
3rd Runner Up- GS Ramchandra Das ( BSP )
Caste - Ravidas
Votes - 3150"
"Magadh","37. Aurangabad","Imamganj (SC)","Imamganj (SC)
MLA- Deepa Kumari ( HAM )
Caste - Mushar
Votes - 104861
Runner Up- Ritu Priya Chaudhary ( RJD )
Caste - Pasi
Votes - 79005
2nd Runner Up- Dr Ajeet Kumar ( JSP )
Caste - Ravidas
Votes - 11912
3rd Runner Up- Tengar Paswan ( IND )
Caste - Dusadh
Votes - 2313"
"Magadh","38. Gaya (SC)","Belaganj","Belaganj
MLA - MANORAMA DEVI ( JDU )
Caste - Yadav
Votes - 95685
Runner Up- VISHWANATH KUMAR SINGH ( RJD )
Caste - Yadav
Votes - 92803
2nd Runner Up- LALU YADAV ( IND )
Caste - Yadav
Votes - 2769
3rd Runner Up- VIBHUTI NARAYAN SINGH ( IND )
Caste - Votes - 2562
4th Runner Up- MADHUBALA KUMARI ( AAP )
Caste - Votes - 2204
5th Runner Up- MD SAHABUDDIN ( JSP )
Caste - Minority
Votes - 1621"
"Magadh","37. Aurangabad","Rafiganj","Rafiganj

MLA- PRAMOD KUMAR SINGH ( JDU )
Caste - Rajput
Votes- 107515 
 
Runner Up- GHULAM SHAHID ( RJD )
Caste - Minority
Votes- 95559

2nd Runner Up- SUMAN KUMARI ( BSP )
Caste - 
Votes- 4432

3rd Runner Up- SURYADEEP SINGH ( IND )
Caste - 
Votes- 4215

4th Runner Up - VIKASH KUMAR SINGH ( JSP )
Caste - Rajput
Votes - 3029"
"Magadh","35. Karakat","Goh","Goh
MLA- AMRENDRA KUMAR ( RJD )
Caste - Kushwaha
Votes- 93624
Runner Up- DR. RANVIJAY KUMAR ( BJP )
Caste - Bhumihar
Votes- 89583
2nd Runner Up- SITARAM DUKHARI ( JSP )
Caste - Kahar
Votes- 7996 3rd Runner Up- MD EKLAKHA ( ASP )
Caste - Minority
Votes- 6631
5th Runner Up - ER. SANJAY PRASAD KUSHWAHA ( BSP )
Caste - Kushwaha
Votes - 1946"
"Magadh","37. Aurangabad","Aurangabad","Aurangabad
MLA- TRIVIKRAM NARAYAN SINGH ( BJP )
Caste - Rajput
Votes- 87200
 
Runner Up- ANAND SHANKAR SINGH ( RJD )
Caste - Rajput
Votes- 80406

2nd Runner Up- SHAKTI KUMAR MISHRA ( BSP )
Caste - Brahmin
Votes- 19776

4th Runner Up- NAND KISHOR YADAV ( JSP ) 
Caste - Yadav
Votes- 2755"
"Magadh","37. Aurangabad","Kutumba (SC)","Kutumba (SC)

MLA- LALAN RAM ( HAM )
Caste - Ravidas
Votes- 84727
 
Runner Up- RAJESH KUMAR ( INC )
Caste - Ravidas
Votes- 63202

2nd Runner Up- SHYAMBALI RAM ( JSP )
Caste - Paswan
Votes- 6065"
"Magadh","35. Karakat","Nabinagar","Nabinagar

MLA- Chetan Anand ( JDU )
Caste - Rajput
Votes - 80380

Runner Up- Amod Kumar Singh ( RJD )
Catste - Kahar
Votes - 80268

2nd Runner Up- Lav Kumar Singh ( IND )
Caste - Yadav
Votes - 7075

3rd Runner Up - Vinod Kumar ( BSP )
Caste - 
Votes - 6595

4th Runner Up - Archana Chandra ( JSP )
Caste - Yadav
Votes - 4085"
"Magadh","35. Karakat","Obra","Obra

MLA- Prakash Chandra ( LJP )
Caste - Teli
Votes - 91638

Runner Up- Rishi Kumar ( RJD )
Catste - Yadav
Votes - 79625

2nd Runner Up- Sanjay Kumar ( BSP )
Caste - Yadav
Votes - 7896

3rd Runner Up - Md Taufeeq Alam ( IND )
Caste - Minority 
Votes - 4566

4th Runner Up- Uday Narayan Rajbhar ( SBSP )
Caste - Rajbhar
Votes - 3968

5th Runner Up - Sudhir Kumar Sharma ( JSP )
Caste - Bhaumihar
Votes - 3779"
"Magadh","36. Jehanabad","Makhdumpur (SC)","Makhdumpur (SC)

MLA- SUBEDAR DAS ( RJD )
Caste - Ravidas
Votes- 74769
 
Runner Up- RANI KUMARI ( LJP )
Caste - Paswan
Votes- 72939

2nd Runner Up- SHANKAR SWARUP ( JSP )
Caste - Paswan
Votes- 4803"
"Magadh","36. Jehanabad","Ghosi","Ghosi

MLA- RITURAJ KUMAR ( JDU )
Caste - Bhumihar
Votes- 80740
 
Runner Up- RAMBALI SINGH YADAV ( CPI-ML )
Caste - Yadav
Votes- 68811

2nd Runner Up- ANURADHA SINHA ( BSP )
Caste - 
Votes- 3715

5th Runner Up - PRABHAT KUMAR ( JSP )
Caste - Kurmi
Votes - 3070"
"Magadh","36. Jehanabad","Jehanabad","Jehanabad

MLA- Rahul Kumar ( RJD )
Caste - Bhumihar
Votes - 86402

Runner Up- Chandeshwar Prasad ( JDU )
Catste - Kahar
Votes - 85609

2nd Runner Up- Abhiram Singh ( JSP )
Caste - Bhumihar
Votes - 5760

3rd Runner Up - Ritesh Kumar ( IND )
Caste - 
Votes - 4330"
"Magadh","36. Jehanabad","Arwal","Arwal

MLA- Manoj Kumar (BJP)
Caste - Bhumihar
Votes - 79854

Runner Up- Mahanand Singh (CPI(ML) (L))
Caste - Kushwaha
Votes - 65761

2nd Runner Up- Veerendra Prasad (IND)
Caste - Unknown
Votes - 3879

3rd Runner Up- Shekhar Ram (BSP)
Caste - Unknown
Votes - 3719

4th Runner Up- Kunti Devi (JSP)
Caste - Yadav
Votes - 3376"
"Magadh","36. Jehanabad","Kurtha","Kurtha

MLA- Pappu Kumar Verma ( JDU )
Caste - Kushwaha
Votes - 74466

Runner Up- Kumar Krishan Mohan ( RJD )
Catste - Yadav
Votes - 68985

2nd Runner Up- Rambali Singh ( JSP )
Caste - Kahar
Votes - 5030

3rd Runner Up - Ashok Kumar ( BSP )
Caste - 
Votes - 3338"
"Sahabad","33. Buxar","Dinara","Dinara
MLA- ALOK KUMAR SINGH ( RLM )
Caste - Rajput
Votes- 78338
 
Runner Up- SHASHI SHANKAR KUMAR ALIAS RAJESH YADAV ( RJD )
Caste -Yadav 
Votes- 67504

2nd Runner Up- JAI KUMAR SINGH ( IND )
Caste - Rajput
Votes- 17839

4th Runner Up - SANJAY KUMAR ( JSP )
Caste - Jaiswal
Votes - 6406"
"Sahabad","34. Sasaram (SC)","Sasaram","Sasaram
MLA - SNEHLATA ( RLM )
Caste - Kushwaha
Votes - 105006
Runner Up - SATENDRA SAH ( RJD )
Caste - Vaish ( Bania )
Votes - 79563
2nd Runner Up - ASHOK KUMAR ( BSP )
Caste - Kushwaha
Votes - 10261
3rd Runner Up- BINAY KUMAR SINGH ( JSP )
Caste - Votes - 6495"
"Sahabad","34. Sasaram (SC)","Chenari (SC)","Chenari (SC)

MLA - MURARI PRASAD GAUTAM ( LJP )
Caste - Ravidas
Votes - 95579

Runner Up - MANGAL RAM ( INC )
Caste - Ravidas
Votes - 73591
2nd Runner Up - NEHA KUMARI NATRAZ ( JSP )
Caste - Nat
Votes - 9404"
"Sahabad","35. Karakat","Dehri","Dehri

MLA - RAJEEV RANJAN SINGH ( LJP )
Caste - Rajput
Votes - 104022

Runner Up - GUDDU KUMAR CHANDRAVANSHI ( RJD )
Caste - Kahar
Votes - 68054
2nd Runner Up - PHATE BAHADUR SINGH ( ASP )
Caste - Kushwaha
Votes - 7003
3rd Runner Up- PRADEEP LALLAN SINGH ( JSP )
Caste - Kahar
Votes - 4323"
"Sahabad","35. Karakat","Karakat","Karakat

MLA - ARUN SINGH ( CPI-ML )
Caste - Kushwaha
Votes - 74157

Runner Up - MAHABALI SINGH ( JDU )
Caste - Kushwaha
Votes - 71321
2nd Runner Up - JYOTI SINGH ( IND )
Caste - Rajput
Votes - 23469
3rd Runner Up- YOGENDRA SINGH ( JSP )
Caste - Rajput
Votes - 7503
4th Runner Up - BANDANA RAJ ( BSP )
Caste - Yadav
Votes - 7377"
"Sahabad","35. Karakat","Nokha","Nokha
MLA- Nagendar Chandravanshi ( JDU )
Caste - Kahar
Votes - 93193
Runner Up- Anita Devi ( RJD )
Caste - Nonia
Votes - 69139
2nd Runner Up- Nasrullah Khan ( JSP )
Caste - Minority Votes - 4831
3rd Runner Up - Sunita Kumari ( BSP )
Caste - Votes - 4373"
"Sahabad","34. Sasaram (SC)","Kargahar","Kargahar

MLA- Bashisth Singh ( JDU )
Caste - Kurmi
Votes - 92485

Runner Up- Uday Pratap Singh ( BSP )
Catste - Kurmi
Votes - 56809

2nd Runner Up- Santosh Kumar Mishra ( INC )
Caste - Brahmin
Votes - 39333

3rd Runner Up - Ritesh Ranjan ( JSP )
Caste - Brahmin
Votes - 16298"
"Sahabad","33. Buxar","Ramgarh","Ramgarh
MLA- SATISH KUMAR SINGH YADAV ( BSP )
Caste - Yadav
Votes- 72689
Runner Up- ASHOK KUMAR SINGH ( BJP )
Caste - Rajput
Votes- 72659
2nd Runner Up- AJIT KUMAR ( RJD )
Caste - Rajput
Votes- 41480
3rd Runner Up- ANAND KUMAR SINGH ( JSP )
Caste - Rajput
Votes- 4426"
"Sahabad","34. Sasaram (SC)","Mohania (SC)","Mohania (SC)

MLA- Sangita Kumari ( BJP )
Caste - Ravidas
Votes - 76290

Runner Up- Ravi Shankar Paswan ( IND )
Caste - Dusadh 
Votes - 57538

2nd Runner Up- Omprakash Narayan ( BSP )
Caste - Ravidas
Votes - 32263

3rd Runner Up - Gita Devi ( JSP )
Caste - Pasi
Votes - 14128"
"Sahabad","34. Sasaram (SC)","Chainpur","Chainpur
MLA- Md Zama Khan ( JDU )
Caste - Minority
Votes - 70876
Runner Up- Brij Kishore Bind ( RJD )
Caste - Bind
Votes - 62514
2nd Runner Up- Dhiraj Kumar Singh ( BSP )
Caste - Rajput
Votes - 51200
3rd Runner Up - Hemant Kumar Chaubey ( JSP )
Caste - Brahmin
Votes - 6877"
"Sahabad","34. Sasaram (SC)","Bhabua","Bhabua

MLA- Bharat Bind ( BJP )
Caste - Bind
Votes - 80039

Runner Up- Birendra Kumar Singh ( RJD )
Catste - Kushwaha
Votes - 55624

2nd Runner Up- Vikash Singh ( BSP )
Caste - Kurmi
Votes - 39711

3rd Runner Up - Jainendra Kumar Arya ( JSP )
Caste - Kanu
Votes - 6775"
"Sahabad","32. Arrah","Shahpur","Shahpur

MLA- RAKESH RANJAN ( BJP )
Caste - Brahmin
Votes- 88655
 
Runner Up- RAHUL TIWARY ( RJD )
Caste - Brahmin
Votes- 73430

2nd Runner Up- PADMA OJHA ( JSP )
Caste - Brahmin
Votes- 3948

3rd Runner Up- DHARMENDRA KUMAR ( BSP )
Caste - 
Votes- 2923"
"Sahabad","32. Arrah","Barhara","Barhara

MLA- RAGHVENDRA PRATAP SINGH ( BJP )
Caste - Rajput
Votes- 79593
 
Runner Up- ASHOK KUMAR SINGH ( RJD )
Caste - Rajput
Votes- 65190

2nd Runner Up- SURYA BHAN SINGH ( IND )
Caste - Rajput
Votes- 9268

5Th Runnerup - SAURABH SINGH YADAV ( JSP )
Caste - Yadav
Votes - 3189"
"Sahabad","32. Arrah","Arrah","Arrah

MLA - SANJAY SINGH (TIGER) BJP
Caste - Rajput
Votes - 94201

Runner Up - QUYAMUDDIN ANSARI ( CPI-ML )
Caste - Minority ( Ansari )
Votes - 74620

2nd Runner Up - DR VIJAY KUMAR GUPTA ( JSP )
Caste - Kanu
Votes - 5800"
"Sahabad","32. Arrah","Agiaon (SC)","Agiaon (SC)
MLA - MAHESH PASWAN ( BJP )
Caste - Dusadh
Votes - 69412
Runner Up - SHIV PRAKASH RANJAN ( CPI-ML )
Caste - Ravidas
Votes - 69317
2nd Runner Up - RAMESH KUMAR ( JSP )
Caste - Ravidas
Votes - 3882"
"Sahabad","32. Arrah","Sandesh","Sandesh

MLA- Radha Charan Sah ( JDU )
Caste - Halwai ( Kanu )
Votes - 80598

Runner Up- Dipu Singh ( RJD )
Catste - Yadav
Votes - 80571

2nd Runner Up- Rajiv Ranjan Raj ( JSP )
Caste - Rajput
Votes - 6040

3rd Runner Up - Mukesh Singh ( IND )
Caste - 
Votes - 5399"
"Sahabad","32. Arrah","Jagdishpur","Jagdishpur

MLA- Sribhagwan Singh Kushwaha ( JDU )
Caste - Kushwaha
Votes - 92974

Runner Up- Kishore Kunal ( RJD )
Catste - Yadav
Votes - 74781

2nd Runner Up- Vijay Singh ( JSP )
Caste - Rajput
Votes - 5106

3rd Runner Up - Rajeev Ranjan ( IND )
Caste - 
Votes - 3272"
"Sahabad","32. Arrah","Tarari","Tarari

MLA- Vishal Prashant ( BJP )
Caste - Bhumiar
Votes - 96887

Runner Up- Madan Singh ( CPI-ML )
Caste - Kahar
Votes - 85423

2nd Runner Up- Rajendra Kumar Pathak ( IND )
Caste - Brahmin
Votes - 2634

3rd Runner Up - Chandrashekhar Singh ( JSP )
Caste - Rajput
Votes - 2271"
"Sahabad","33. Buxar","Rajpur (SC)","Rajpur (SC)

MLA- Santosh Kumar Nirala (JDU)
Caste - Ravidas
Votes - 80701

Runner Up- Vishwanath Ram (INC)
Caste - Ravidas
Votes - 71565

2nd Runner Up- Lal Jee Ram (BSP)
Caste - Ravidas
Votes - 20498

3rd Runner Up- Dhananjay Kumar (JSP)
Caste - Dusadh
Votes - 12491"
"Sahabad","33. Buxar","Buxar","Buxar

MLA- Anand Mishra ( BJP )
Caste - Brahmin 
Votes - 84901

Runner Up- Sanjay Kumar Tiwari ( INC )
Catste - Brahmin 
Votes - 56548

2nd Runner Up- Abhimanyu Maury ( BSP )
Caste - Kushwaha
Votes - 29118

3rd Runner Up - Tathaghat Harsh Vardhan (JSP)
Caste - Brahmin
Votes - 7920"
"Sahabad","33. Buxar","Dumraon","Dumraon

MLA- Rahul Kumar Singh ( JDU )
Caste - Rajput
Votes - 79411

Runner Up- Dr Ajit Kumar Singh ( CPI-ML )
Catste - Kushwaha
Votes - 77306

2nd Runner Up- Dadan Yadav ( BSP )
Caste - Yadav
Votes - 11127

3rd Runner Up - Shivang Vijay Singh ( JSP )
Caste - Rajput
Votes - 5273"
"Seemanchal","10. Kishanganj","Thakurganj","Thakurganj

MLA- Gopal Kumar Agarwal (JDU)
Caste - Baniya
Votes - 85243

Runner Up- Ghulam Hasnain (PARTY-UNKNOWN)
Caste - Muslim
Votes - 76421

2nd Runner Up- Saud Alam (RJD)
Caste - Muslim
Votes - 60036

3rd Runner Up- Md Ekramul Haque (JSP)
Caste - Muslim
Votes - 6806"
"Seemanchal","10. Kishanganj","Kochadhaman","Kochadhaman

MLA- Md. Sarwar Alam (Muslim) AIMIM
Votes- 81860

Runner Up- Mujahid Alam (Muslim) RJD
Votes- 58839

2nd Runner Up- Bina Devi (OBC) BJP
Votes- 44858

3rd Runner Up- Md. Shamsul Haque (Muslim) IND
Votes- 2188
"
"Seemanchal","10. Kishanganj","Bahadurganj","Bahadurganj 

MLA- Md tauseef Alam (AIMIM)
Votes - 87315

Runner Up- Mohammad Masawar Alam (INC) 
Votes - 58589

2nd Runner Up- Mohammad Kalimuddin (LJP) 
Votes - 57195 

3rd Runner Up - Barun Kumar Singh (JSP)
Votes - 3193"
"Seemanchal","10. Kishanganj","Kishanganj","Kishanganj

MLA- Md. Qamrul Hoda (Muslim) INC
Votes- 89669

Runner Up- Sweety Singh (Rajput) BJP
Votes- 76875

2nd Runner Up- Shams Aghaz (Muslim) AIMIM
Votes- 51370

3rd Runner Up- Md. Ishaque Alam (Muslim) JSP
Votes- 1904
"
"Seemanchal","11. Katihar","Kadwa","Kadwa
MLA- Dulal Chandra Goswami (JDU)
Votes- 99274
Runner Up- Shakeel Ahmad Khan (INC)
Votes- 80906
2nd Runner Up- Md Shakir Reza (AIMIM)
Votes- 11557
3rd Runner Up- Himraj Singh (IND)
Votes- 5615
5th Runner Up - Md. Shahryar (JSP)
Votes - 1169"
"Seemanchal","11. Katihar","Katihar","Katihar

MLA- TARKISHORE PRASAD (BJP) | 
Votes - 100255

Runner Up- SAURAV KUMAR AGARWAL (VIP)
Votes - 78101

2nd Runner Up- DR. RAM PRAKASH MAHTO (IND) 
Votes - 7411

3rd Runner Up- MANISHA KUMARI (PPI)
Votes - 3253

4th Runner Up - DR. GHAZI SHARIQUE (JSP)
Votes - 2853"
"Seemanchal","11. Katihar","Balrampur","Balrampur
MLA- SANGITA DEVI (LJP)
Votes - 80459 Runner Up- MOHAMMAD ADIL HASAN
(AIMIM)
Votes - 80070 2nd Runner Up- MAHBOOB ALAM (CPI-ML)
Votes - 79141 3rd Runner Up- MD MOAZZAM HUSSAIN
Votes - 9195 4th Runner Up - BARUN KUMAR JHA
Votes - 5372 5TH Runner Up - ASHAB ALAM
Votes - 2614"
"Seemanchal","11. Katihar","Pranpur","Pranpur

MLA- Nisha Singh ( BJP )
Caste - Rajput
Votes - 108565

Runner Up- Ishrat Parween ( RJD )
Caste - Minority
Votes - 100813

2nd Runner Up- Md Aftab Alam ( AIMIM )
Caste - Minority
Votes - 30163

3rd Runner Up- Subhashchandra Sah ( IND )
Caste - Kanu
Votes - 2048

4th Runner Up- Kunal Nishad ( JSP )
Caste - Mallah
Votes - 2467"
"Seemanchal","11. Katihar","Manihari (ST)","Manihari (ST)
MLA- MANOHAR PRASAD SINGH (INC) | Votes - 114754
Runner Up- SHAMBHU KUMAR SUMAN (JDU) Votes - 99586
2nd Runner Up- BABLU SOREN (JSP)
Votes - 7647
3rd Runner Up- SAIF ALI KHAN (INC)
Votes - 4865
"""
"Seemanchal","12. Purnia","Korha (SC)","Korha (SC)
Korha (SC)
MLA- KAVITA DEVI (BJP)
Votes - 123495
Runner Up- PUNAM KUMARI (INC)
Votes - 101238
2nd Runner Up- NIRMAL KUMAR RAJ (JSP)
Votes - 4028"
"Seemanchal","11. Katihar","Barari","Barari

MLA- Bijay Singh (JDU)
Caste - Dordhi
Votes - 107842

Runner Up- Tauquir Alam (INC)
Caste - Minority
Votes - 96858

2nd Runner Up- Md Matiur Rahman (AIMIM)
Caste - Minority
Votes - 5846

3rd Runner Up- Shivpujan Paswan (IND)
Caste - Dusadh
Votes - 4962

4th Runner Up- Pritam Prasoon (JSP)
Caste - Bania
Votes - 3026"
"Seemanchal","12. Purnia","Kasba","Kasba

MLA- Nitesh Kumar Singh (Rajput) LJP (RV)
Votes- 86877

Runner Up- Md. Irfan Alam (Muslim) INC
Votes- 74002

2nd Runner Up- Md. Shahnawaz Alam (Muslim) AIMIM
Votes- 35309

3rd Runner Up- Pradeep Kumar Das (EBC) IND
Votes- 11212
"
"Seemanchal","12. Purnia","Rupauli","Rupauli

MLA- Kaladhar Prasad Mandal (JDU)
Caste - Mandal
Votes - 124826

Runner Up- Bima Bharti (RJD)
Caste - Gangota
Votes - 51254

2nd Runner Up- Shankar Singh (IND)
Caste - Rajput
Votes - 29986

3rd Runner Up- Shankar Ram (IND)
Caste - SC
Votes - 3115"
"Seemanchal","10. Kishanganj","Amour","Amour
MLA- Akhtarul Iman (AIMIM) | Minority Votes- 100836
Runner Up- Sabha Zafar (JDU) | Minority Votes- 61813
2nd Runner Up- Abdul Jalil Mastan (INC) | Minority Votes- 52685
3rd Runner Up- Mohd Parvej Alam (IND) | Minority Votes- 4585
4th Runner Up - Afaroj (JSP) | Minority Votes- 3797"
"Seemanchal","10. Kishanganj","Baisi","Baisi

MLA- Ghulam Sarwar (AIMIM) | Kulaiya Minority
Votes- 92766

Runner Up- Vinod Kumar (BJP) | Yadav
Votes- 65515

2nd Runner Up- Abdus Subahan (RJD) | Surjapuri Minority 
Votes- 56000

3rd Runner Up- Mohammad Muzammil (Peace Party) | Minority 
Votes- 2444
4th Runner Up - Md Shahnwaz Alam (JSP) | Minority 
Votes - 2389"
"Seemanchal","12. Purnia","Banmankhi (SC)","Banmankhi (SC)

MLA- Krishna Kumar Rishi (Rishi) BJP
Votes- 122494

Runner Up- Deo Narayan Rajak (Rajak) INC
Votes- 77198

2nd Runner Up- Manoj Kumar Rishi (Rishi) JSP
Votes- 6676

3rd Runner Up- Subodh Paswan (Paswan) BSP
Votes- 2128"
"Seemanchal","12. Purnia","Dhamdaha","Dhamdaha

MLA- Leshi Singh (Rajput) (JDU)
Votes- 138750

Runner Up- Santosh Kumar (Yadav) RJD
Votes- 83591

2nd Runner Up- Mohd Ishtiyaque Alam (Muslim) AIMIM
Votes- 5126

3rd Runner Up- Vindeshwari Sharma (Brahmin) IND
Votes- 3032
"
"Seemanchal","12. Purnia","Purnia","Purnea MLA- Vijay Kumar Khemka (BJP) | Votes - 127614
Runner Up- Jitendra Kumar (INC) | Yadav
Votes - 94392
2nd Runner Up- Santosh Kumar Singh (JSP) | Rajput Votes - 3701"
"Seemanchal","9. Araria","Jokihat","Jokihat
MLA - MOHAMMAD MURSHID ALAM ( AIMIM) | Minority Votes - 83737 Runner Up - MANZAR ALAM (JDU) | Minority Votes - 54934 2nd Runner Up - SARAFARAJ ALAM (JSP) | Minority Votes - 35354 3rd Runner Up - SHAHNAWAZ (RJD) | Minority Votes - 29659"
"Seemanchal","9. Araria","Raniganj (SC)","Raniganj (SC)
MLA - AVINASH MANGLAM (JDU) | Votes - 111590 Runner Up - ACHMIT RISHIDEV (JDU) |
Votes - 103060
2nd Runner Up - KRITYANAND RAM (JSP)
Votes - 3183 3rd Runner Up - AMAN RAJ
Votes - 3126"
"Seemanchal","9. Araria","Sikti","Sikti

MLA - VIJAY KUMAR MANDAL ( BJP ) | Kevrat 
Votes - 111342

Runner Up - HARI NARAYAN PRAMANIK ( VSIP ) | Mallah
Votes - 92020
2nd Runner Up - MD RAGHIB ( JSP ) | Minority 
Votes - 3789
3rd Runner Up- BHOLA PRASAD SINGH ( BSP ) | Gangai 
Votes - 3357"
"Seemanchal","9. Araria","Narpatganj","Narpatganj

MLA - DEVANTI YADAV ( BJP ) | Yadav 
Votes - 120557

Runner Up - MANISH YADAV ( RJD ) | Yadav 
Votes - 95204
2nd Runner Up - ANIL KUMAR YADAV ( IND ) | Yadav 
Votes - 10669
5th RunnerUp - JANARDAN YADAV ( JSP ) | Yadav 
Votes - 1688"
"Seemanchal","9. Araria","Araria","Araia

MLA : Abidur Rahman (INC) | Minority 
Votes: 91529

Runner Up : Shagufta Azim (JDU) | Minority 
Votes: 78788

2nd Runner Up: Manzoor Alam (AIMIM) | Minority 
Votes : 53421

3rd Runner Up: Shivdeep W Lande (IND) | Brahman
Votes : 4085

4th Runner Up: Farhat Ara Begum (JSP) | JSP
Votes : 2434"
"Seemanchal","9. Araria","Forbesganj","Forbesganj

MLA- Manoj BiswaS (INC)
Caste - Amat
Votes - 120114

Runner Up- Viday Sagar Kesari (BJP)
Caste - Kesarwani
Votes - 119893

2nd Runner Up- Fatima Khatun (RJSP)
Caste - Minority
Votes - 2151

3rd Runner Up- Raja Raman Bhashkar (IND)
Caste - Unknown
Votes - 1759

4th Runner Up- Subhash Chandra Agrawal (IND)
Caste - Marwadi
Votes - 1325

5th Runner Up- Md Ekramul Haque (JSP)
Caste - Minority
Votes - 977"
"Koshi","8. Supaul","Pipra (Supaul)","Pipra
MLA- Rambilash Kamat (JDU) | Mallah Votes- 107041
Runner Up- Anil Kumar (CPI-ML) | Rajput Votes- 69265
2nd Runner Up- Laxmi Kant Bharti (Ind) | Votes- 12014
3rd Runner Up- Indradev Shah (JSP) | Teli Votes- 5519"
"Koshi","8. Supaul","Nirmali","Nirmali

MLA- Aniruddha Prasad Yadav (JDU)
Caste - Yadav
Votes - 118904

Runner Up- Baidyanath Mehta (RJD)
Caste - Koeri/Kushwaha
Votes - 81594

2nd Runner Up- Ram Pravesh Kumar Yadav (JSP)
Caste - Yadav
Votes - 6877

3rd Runner Up- Siya Ram Mandal (IND)
Caste - Mandal
Votes - 2992"
"Koshi","8. Supaul","Triveniganj (SC)","Triveniganj (SC)

MLA- Sonam Rani (JDU)
Votes- 105262

Runner Up- Santosh Kumar (RJD)
Votes- 99575

2nd Runner Up- Pradeep Ram (JSP) (Ravidas)
Votes- 4490 

3rd Runner Up- Jitendra Ram (RJP) (Ravidas)
Votes- 4246"
"Koshi","8. Supaul","Chhatapur","Chhatapur 

MLA- Niraj Kumar Singh (BJP) | Rajput 
Votes- 122491

Runner Up- Dr. Vipin Kumar Singh (RJD) | Nonia 
Votes- 106313

2nd Runner Up- Deepak Kumar (Independent) | Halwai 
Votes- 3993

3rd Runner Up- Abhay kumar Singh (JSP) | Rajput 
Votes- 2236"
"Koshi","8. Supaul","Supaul","Supaul

MLA - BIJENDER PRASAD YADAY ( JDU ) | Yadav
Votes - 109085

Runner Up - MINNATULLAH RAHMANI ( INC ) | Minority 
Votes - 78282
2nd Runner Up - ANIL KUMAR SINGH ( JSP ) | Rajput
Votes - 5139"
"Koshi","13. Madhepura","Saharsa","Saharsa

MLA- Indrajeet Prasad Gupta (IIP)
Caste - Teli
Votes - 115036

Runner Up- Alok Ranjan (BJP)
Caste - Unknown
Votes - 112998

2nd Runner Up- Kishor Kumar (JSP)
Caste - Rajput
Votes - 12786"
"Koshi","25. Khagaria","Simri Bakhtiarpur","Simri Bakhtiarpur

MLA- Sanjay Kumar Singh (LJP-R))
Caste - Rajput
Votes - 109699

Runner Up- Yusuf Salahuddin (RJD)
Caste - Muslim
Votes - 101769

2nd Runner Up- Vikash Raj (IND)
Caste - Rajput
Votes - 7493

3rd Runner Up- Surendra Kumar Yadav (JSP)
Caste - Yadav
Votes - 2270Simri Bakhtiarpur

MLA- Sanjay Kumar Singh (LJP (RV))
Caste - Rajput
Votes - 109699

Runner Up- Yusuf Salahuddin (RJD)
Caste - Muslim
Votes - 101769

2nd Runner Up- Vikash Raj (IND)
Caste - Rajput
Votes - 7493

3rd Runner Up- Surendra Kumar Yadav (JSP)
Caste - Yadav
Votes - 2270"
"Koshi","13. Madhepura","Mahishi","Mahishi

MLA- Gautam Krishna (Yadav) RJD
Votes- 93752

Runner Up- Gunjeshwar Sah (Vaishya) (JDU)
Votes- 90012

2nd Runner Up- Suraj Samrat (EBC) IND
Votes- 3142

3rd Runner Up- Shamim Akhtar (Muslim) JSP
Votes- 2571
"
"Koshi","13. Madhepura","Sonbarsha (SC)","Sonbarsha (SC)

MLA- Ratnesh Sada (JDU)
Caste - Musahar
Votes - 97833

Runner Up- Sarita Devi (INC)
Caste - Unknown
Votes - 84379

2nd Runner Up- Satyendra Kumar (JSP)
Caste - Dusadh
Votes - 5655

3rd Runner Up- Kiran Devi (BSP)
Caste - Unknown
Votes - 5019"
"Koshi","13. Madhepura","Madhepura","Madhepura

MLA- Chandra Shekhar (Yadav) RJD
Votes- 108464

Runner Up- Kavita Kumari Saha (Vaishya/Saha) JD(U)
Votes- 100655

2nd Runner Up- Pranav Prakash (Kayastha) IND
Votes- 7894

3rd Runner Up- Shashi Kumar (EBC) JSP
Votes- 4634
"
"Koshi","13. Madhepura","Bihariganj","Bihariganj
MLA- Niranjan Kumar Mehta (JDU)
Caste - Koeri/Kushwaha
Votes - 116622
Runner Up- Renu Kumari (RJD)
Caste - Yadav
Votes - 85000
2nd Runner Up- Karn Kumar Mishra (IND)
Caste - Brahmin
Votes - 5372
3rd Runner Up- Amlesh Roy (JSP)
Caste - Yadav
Votes - 4486"
"Koshi","13. Madhepura","Alamnagar","Alamnagar

MLA - NARENDAR NARAYAN YADAV ( JDU ) | Yadav
Votes - 138401

Runner Up - NABIN KUMAR ( VSIP ) | Mallah
Votes - 82936
2nd Runner Up - SUBODH KUMAR SUMAN ( JSP ) | Gangota
Votes - 8934
3rd Runner Up- RUBY KUMARI ( IND ) | 
Votes - 4695"
"Koshi","8. Supaul","Singheshwar (SC)","Singheshwar (SC)

MLA - Ramesh Rishi (JDU)  (Musahar)
Votes - 106416
Runner Up - Chandrahas Chaupal (RJD) (Paan) 
Votes - 103434
3rd Runner Up- Pramod Ram (JSP) (Ravidas) 
Votes - 3516"
"Koshi","25. Khagaria","Parbatta","151 - Parbatta
MLA - BABULAL SHORYA (LJP)
Votes - 118677
Runner Up - DOCTOR SANJEEV KUMAR (RJD) Votes - 84638
2nd Runner Up - VINAY KUMAR VARUN (JSP)
Votes - 3196"
"Koshi","25. Khagaria","Alauli (SC)","Alauli (SC)
MLA- Ramchandra Sada (JDU)  
Caste - Musahar 
Votes- 93208
Runner Up- Rambriksha Sada (RJD) 
Caste -  Musahar
Votes- 57476
2nd Runner Up- Yash Raj (RLJP) 
Caste -  Dusadh 
Votes- 14261 
3rd Runner Up- Abhishank Kumar (JSP) 
Caste -  Passi
Votes- 7476"
"Koshi","25. Khagaria","Beldaur","Beldaur 

MLA- Panna Lal Singh Patel (JDU) | Kurmi
Votes- 106262

Runner Up- Mithilesh Kumar Nishad (INC) | Mallah
Votes- 71087

2nd Runner Up- Tanisha Bharti (IIP) | 
Votes- 9188

3rd Runner Up- Gajendra Kumar Singh(JSP) | Mallah
Votes- 5235"
"Koshi","25. Khagaria","Khagaria","Khagaria 

MLA- Bablu Kumar (JDU) | 
Votes- 93988

Runner Up- Chandan Kumar Yadav(INC) | Yadav
Votes- 70573

2nd Runner Up- Manish Kumar Singh (IND) | 
Votes- 5507

3rd Runner Up- Jayanti Patel (JSP) | Kurmi 
Votes- 4232"
"Samastipur","24. Begusarai","Matihani","Matihani

MLA-NARENDRA KUMAR SINGH ""BOGO SINGH"" ( RJD ) | Bhumihar 
Votes- 117789 
 
Runner Up- RAJ KUMAR SINGH ( JDU ) | Bhumihar 
Votes- 112499

2nd Runner Up- ARUN KUMAR ( JSP ) | Bhumihar 
Votes- 6774"
"Samastipur","24. Begusarai","Bachhwara","Bachhwara
MLA- Surendra Mehta (BJP)
Votes - 1,00343
Runner Up- Shiv Prakash Garib Das Votes -84,502
2nd Runner Up- Abdesh Kumar Rai (CPI)
Votes - 21,588
3rd Runner Up- Ramod Kumar (JSP) (Bhumihar)Votes - 7,654"
"Samastipur","24. Begusarai","Sahebpur Kamal","Sahebpur Kamal
MLA- Sattanand Sambuddha Urf Lallan Jee (RJD) | Yadav
Votes- 76798
Runner Up- Surendra Kumar Urf Surendra Vivek (LJP) | Bhumihar
Votes- 61077
2nd Runner Up-Shashikant Kumar urf Amar Singh (IND) | Kurmi
Votes- 34781
4rd Runner Up- Md Abdullah (JSP) | Minority
Votes- 3396"
"Samastipur","24. Begusarai","Begusarai","Begusarai
MLA - KUNDAN KUMAR (BJP) |Votes - 119506 Runner Up - AMITA BHUSHAN (INC)Votes - 88874 2nd Runner Up - SURENDRA KUMAR SAHANI (JSP)Votes - 7773"
"Samastipur","24. Begusarai","Cheria-Bariarpur","Cheria Bariarpur

MLA- Abhishek Anand (JDU)
Caste - Koeri
Votes - 75081

Runner Up- Sushil Kumar (RJD)
Caste - Koeri
Votes - 70962

2nd Runner Up- Mritunjay Kumar (JSP)
Caste - Bhumihar
Votes - 24595

3rd Runner Up- Ram Sakha Mahto (IND)
Caste - Koeri
Votes - 7537"
"Samastipur","24. Begusarai","Teghra","Teghra
MLA - RAJNISH KUMAR ( BJP ) | Bhumihar Votes - 112770
Runner Up - RAM RATAN SINGH ( CPI ) | Bhumihar Votes - 77406
2nd Runner Up - RAM NANDAN SINGH ( JSP )| Bhumihar Votes - 8442
3rd Runner Up- SUDHA BHARTI ( IND ) | Bhumihar
Votes - 3169"
"Samastipur","24. Begusarai","Bakhri (SC)","Bakhri (SC)
MLA - SANJAY KUMAR (LJP) | Dusadh Votes - 98511 Runner Up - SURYAKANT PASWAN (CPI) | Dusadh
Votes - 81193 2nd Runner Up - SANJAY KUMAR (JSP) | Dusadh Votes - 11529 3rd Runner Up- SANJIV KUMAR PASWAN (IND) | Dusadh Votes - 2968"
"Patna","30. Patna Sahib","Patna Sahib","184- Patna Sahib

MLA- Ratnesh Kumar ( BJP )
Votes- 130366 (Kushwaha)
 
Runner Up- Shashant Shekhar (INC)
Votes- 91466 (Yadav)

2nd Runner Up- Vinita Mishra (JSP)
Votes- 5263 (Bhumihar)

3rd Runner Up- MD Shabab Rahbar (RJP)
Votes-1318 (Minority)"
"Patna","31. Pataliputra","Phulwari (SC)","188- Phulwari (SC)
MLA- Shyam Rajak (JDU)
Votes- 126470 ( Dhobi )
Runner Up- Gopal Ravidas (CPI-ML )
Votes- 93813 ( Ravidas )
2nd Runner Up- Shashi kant Prasad (JSP)
Votes- 11100 (Dusadh)
3rd Runner Up- Arun Kumar Rajak (AAP)
Votes- 5305 (Dhobi)"
"Patna","31. Pataliputra","Maner","187- Maner
MLA- Bhai Birendra (RJD)
Votes- 110798 ( Yadav )
Runner Up- Jidendra Yadav (LJP-R)
Votes- 90764 ( Yadav )
2nd Runner Up- Sandip Kumar singh Alias Gopal Singh (JSP)
Votes- 3980 (Rajput)"
"Patna","28. Munger","Barh","179- Barh
MLA- Siyaram Singh (BJP)
Votes- 99446 (Rajput)
Runner Up- Karanveer Singh Yadav (RJD)
Votes- 74633 (Yadav)
2nd Runner Up- Mahesh Prasad Singh (JSP)
Votes- 3473 (Rajput)"
"Patna","31. Pataliputra","Masaurhi (SC)","Masaurhi (SC)

MLA- Arun Manjhi (JDU)
Votes- 106505 (Mushar)

Runner Up- Rekha Devi (RJD)
Votes- 98862 (Dusadh)

2nd Runner Up- Rajeshwar Manjhi (JSP)
Votes- 4693 (Mushar)"
"Patna","30. Patna Sahib","Digha","Digha
MLA - Sanjiv Chaurasia (BJP)
Votes - 111001 (Pan)
Runner Up - Divya Gautam (CPI-ML)
Votes - 51922 (Rajput)
2nd Runner Up - Ritesh Ranjan Alias Bittu Singh (JSP)
Votes - 22071 (Rajput)"
"Patna","30. Patna Sahib","Bankipur","Bankipur
MLA - Nitin Nabin (BJP)
Votes - 98299 (Kayast)
Runner Up - Rekha Kumari (RJD)
Votes - 46363 (Baniya) Teli
2nd Runner Up - Vandana Kumari (JSP)
Votes - 7717 (Bhumihar)"
"Patna","30. Patna Sahib","Kumhrar","Kumhrar
MLA - Sanjay Kumar (BJP)
Votes - 100485 (Baniya)
Runner Up - Indradeep Kumar Chandravanshi (INC)
Votes - 52961 (Kahar)
2nd Runner Up - K C Sinha (JSP)
Votes - 15017 (Kayasth)
3rd Runner Up- Dr Uma Kant Pathak (BSP)
Votes -668"
"Patna","31. Pataliputra","Paliganj","Paliganj
MLA - Sandeep Saurav (CPI-ML)
Votes - 81105 (Yadav)
Runner Up - Sunil Kumar (LJP-R)
Votes - 74450 (Yadav)
2nd Runner Up - Shyam Nandan Sharma (JSP)
Votes - 6612 (Bhumihar)"
"Patna","31. Pataliputra","Bikram","Bikram

MLA- Sidhart Saurav (BJP)
Votes- 101189 (Bhumihar)

Runner Up- Anil Kumar (INC)
Votes- 95588 (Bhumihar)

2nd Runner Up- Ajeet Kumar (JJD)
Votes- 4937 (Yadav)

3rd Runner Up- Mantu Kumar (JSP)
Votes- 3037 (Bhumihar)"
"Patna","30. Patna Sahib","Fatuha","Fatuha
MLA- Dr Ramnandan Yadav (RJD)
Votes - 90558 (Yadav)
Runner Up- Rupa Kumari (LJP-R)
Votes - 82566 (Yadav)
2nd Runner Up- Raju Kumar (JSP)
Votes - 8598 (Rajput)
3rd Runner Up- Sanjeet Kumar (Ind.)
Votes - 4802"
"Patna","30. Patna Sahib","Bakhtiyarpur","Bakhtiarpur
MLA - Arun Kumar (LJP-R)
Votes - 88520 Runner Up - Anirudh Kumar (RJD)
Votes - 87539 (Yadav)
2nd Runner Up - Balmiki Singh (JSP)
Votes - 6581 (Kurmi)"
"Patna","28. Munger","Mokama","Mokama
MLA - Anant Kumar Singh (JDU)
Votes - 91416 (Bhumihar)
Runner Up - Veena Devi (RJD)
Votes - 63210 (Bhumihar)
2nd Runner Up - Priyardarshi Piyush (JSP)
Votes - 19365 (Dhanuk)"
"Munger","40. Jamui (SC)","Tarapur","Tarapur
MLA - Samrat Chaudhary (BJP)
Votes - 122480 (Kushwaha)
Runner Up - Arun Kumar (RJD)
Votes - 76637 (Teli)
2nd Runner Up - Santosh Kumar Singh (JSP)
Votes - 3898 (Rajput)"
"Munger","28. Munger","Jamalpur","Jamalpur
MLA- Nachiketa (JDU)
Caste - Dhanuk
Votes - 96683
Runner Up- Narendra Kumar (IIP)
Caste - Tanti
Votes - 60455
2nd Runner Up- Shivdeep W. Lande (IND)
Caste - Brahmin
Votes - 15655
3rd Runner Up- Lalan Jee (JSP)
Caste - Yadav
Votes - 3863"
"Munger","40. Jamui (SC)","Sikandra (SC)","Sikandra (SC)

MLA- Praphull Kumar Manjhi (HAM)
Votes- 91603 (Mushar)
 
Runner Up- Uday Narain Chaudhary (RJD)
Votes- 67696 (Pasi)

2nd Runner Up- Subhash Paswan (JSP)
Votes- 12298 (Dusadh)"
"Munger","40. Jamui (SC)","Jamui","Jamui
MLA- Shreyasi Singh (BJP)
Votes- 123868 (Rajput)
Runner Up- Md Shamsad Alam (RJD)
Votes- 69370 (Minority)
2nd Runner Up- Anil Prasad Sah (JSP)
Votes- 5905 (Teli)"
"Munger","40. Jamui (SC)","Jhajha","Jhajha
MLA- Damodar rawat (JDU)
Votes- 108317 (Dhanuk)
Runner Up- Jay Prakash Narayan Yadav (RJD)
Votes- 104055 (Yadav)
2nd Runner Up- Mohammad Irfan (Ind.)
Votes- 9578 (Minority)
3rd Runner Up- Nilendu Dutta Mishra (JSP)
Votes- 6148 (Bramhim)"
"Munger","40. Jamui (SC)","Chakai","Chakai
MLA - Savitri Devi (RJD)
Votes - 80357 (Yadav)
Runner Up - Sumit Kumar Singh (JDU)
Votes - 67385 (Rajput)
2nd Runner Up - Sanjay Prasad (Ind.)
Votes - 48065 (Bhumihar)
9th Runner Up- Rahul Kumar (JSP)
Votes - 1898 (Bhumihar)"
"Munger","27. Banka","Katoria (ST)","Katoria (ST)
MLA - Puran Lal Tudu (BJP)
Votes - 94260 (Santhal)
Runner Up - Sweety Sima Hembrom (RJD)
Votes - 83274 (Santhal)
2nd Runner Up - Rekha Soren (Ind.)
Votes - 3652 (Santhal)
3rd Runner Up- Salomi Murmu (JSP)
Votes - 2443 (Santhal)"
"Munger","27. Banka","Dhoraiya (SC)","Dhauraiya (SC)
MLA - Manish Kumar (JDU)
Votes - 113011 (Pasi)
Runner Up - Tribhuwan Prasad (RJD)
Votes - 90585 (Ravidas)
2nd Runner Up - Suman Paswan (JSP)
Votes - 6284 (Dusadh)"
"Munger","27. Banka","Belhar","Belhar
MLA- Manoj Yadav (JDU)
Votes- 115393 (Yadav)
Runner Up- Chanakya Prakash Ranjan (RJD)
Votes- 78187 (Yadav)
2nd Runner Up- Braj Kishor Pandit (JSP)
Votes- 7711 (Kumhar)"
"Munger","27. Banka","Amarpur","Amarpur
MLA- Jayant Raj (JDU)
Votes- 103944 ( Kushwaha)
Runner Up- Jitendra Singh (INC)
Votes- 70723 (Rajput)
2nd Runner Up- Sujata Vaidya (JSP)
Votes- 4789 (Kushwaha)"
"Munger","27. Banka","Banka","Banka
MLA - Ram Narayan Mandal (BJP)
Votes - 95588 (Teli)
Runner Up - Sanjay Kumar (CPI)
Votes - 71824 (Yadav)
2nd Runner Up - Kaushal Kishore Singh (JSP)
Votes - 6649 (Rajput)"
"Nalanda","40. Jamui (SC)","Sheikhpura","Sheikhpura
MLA - Randhir Kumar Soni (JDU)
Votes - 82922 ( Kurmi)
Runner Up- Vijay Kumar (RJD)
Votes - 60375 (Yadav)
2nd Runner Up- Rajesh Kumar (JSP)
Votes - 3879 (Bhumihar)"
"Nalanda","39. Nawada","Barbigha","Barbigha
MLA- Dr. Kumar Puspanjay (JDU)
Votes- 61882 (Bhumihar)
Runner Up- Trishuldhari Singh (INC)
Votes- 36389 (Bhumihar)
2nd Runner Up- Sudarshan Kumar (IND)
Votes- 28411 (Bhumihar)
3rd Runner Up- Muskesh Kumar Singh (JSP)
Votes- 4684 (Bhumihar)"
"Nalanda","28. Munger","Suryagarha","Suryagarha

MLA- Ramanand Mandal (JDU)
Votes- 101968 (Dhanuk)

Runner Up- Premsagar Choudhary (RJD)
Votes- 78107 (Yadav)

2nd Runner Up- Ravishankar Prasad Singh (Ind.)
Votes- 38175 (Bhumihar)

3rd Runner Up- Amit Sagar (JSP)
Votes- 8429 (Kurmi)"
"Nalanda","28. Munger","Lakhisarai","Lakhisarai
MLA - Vijay Kumar Sinha (BJP)
Votes - 122408 (Bhumihar)
Runner Up - Amresh Kumar (INC)
Votes - 97468 (Bhumihar)
2nd Runner Up - Suraj Kumar (JSP)
Votes - 8722 (Bhumihar)"
"Munger","26. Bhagalpur","Bhagalpur","Bhagalpur
MLA - Rohit Pandey (BJP)
Votes - 100770 ( Bramhin )
Runner Up - Ajeet Sharma (INC)
Votes - 87296 ( Bhumihar )
2nd Runner Up - Abhay Kant Jha (JSP)
Votes - 3251 ( Brahmin )"
"Munger","26. Bhagalpur","Kahalgaon","Kahalgaon
MLA- Shubhanand Mukesh (JDU)
Votes- 130767 (Kurmi)
Runner Up- Rajnish Bharti (RJD)
Votes- 80655 (Yadav)
2nd Runner Up- Pawan Kumar Yadav (Ind.)
Votes- 10244 (Yadav)
3rd Runner Up- Pravin Singh (INC)
Votes- 10083 ( Kushwaha )
5th Runner Up- Manjar Alam (JSP)
Votes- 3348 ( Minority )"
"Munger","26. Bhagalpur","Bihpur","Bihpur
MLA - Kumar Shailendra (BJP)
Votes - 91458 (Bhumihar)
Runner Up - Arpana Kumari (VIP)
Votes - 61433 (Gangota)
2nd Runner Up - Pawan Chaudhary (JSP)
Votes - 8821 (Bhumihar)
3rd Runner Up- Mamta Kumari (Ind.)
Votes - 2530 ( Ravidas )"
"Munger","26. Bhagalpur","Pirpainti (SC)","Pirpainti (SC)

MLA- Murari Paswan (BJP)
Votes- 140608 (Dusadh)

Runner Up- Ram Vilas Pasvan (RJD)
Votes- 87501 (Dusadh)

2nd Runner Up- Ghanshyam Das (JSP)
Votes- 5644 (Ravidas)

3rd Runner Up- Rahul Kumar Paswan (Ind.)
Votes- 2533 (Dusadh)"
"Munger","27. Banka","Sultanganj","Sultanganj

MLA- Lalit Narayan Mandal (JDU)
Votes- 108712 (Dhanuk)

Runner Up- Chandan Kumar Sinha (RJD)
Votes- 77576 (Kurmi)

2nd Runner Up- Rakesh Kumar (JSP)
Votes- 4402 (Yadav)

3rd Runner Up- Ajit Kumar (Ind.)
Votes- 4286"
"Munger","26. Bhagalpur","Nathnagar","Nathnagar
MLA - Mithun Kumar (LJP-R) Votes - 118143 ( Yadav )
Runner Up - Sheikh Zeyaul Hassan (RJD)
Votes - 92719 ( Minority )
2nd Runner Up - Md Ismail ( AIMIM )
Votes - 8226 ( Minority )
3rd Runner Up- Ajay Kumar Roy (JSP)
Votes - 5233 ( Dhanuk )"
"Munger","26. Bhagalpur","Gopalpur","Gopalpur
MLA- Shailesh Kumar Alias Bulo Mandal (JDU)
Votes- 108630 (Gangota)
Runner Up- Prem sagar Alias Dablu yadav (VIP)
Votes- 50495 (Yadav)
2nd Runner Up- Narendra Kumar Niraj (Ind.)
Votes- 12686 (Gangota)
3rd Runner Up- Mankeshwar Singh (JSP)
Votes- 4701 (Kushwaha)"
"Nalanda","29. Nalanda","Islampur","Islampur

MLA- Ruhail Ranjan (JDU)
Votes- 100487 (Kurmi)
 
Runner Up- Rakesh Kumar Raushan (RJD)
Votes- 68248 (Yadav)

2nd Runner Up- Tanuja Kumari ( JSP)
Votes- 4779 (Kurmi)"
"Nalanda","29. Nalanda","Harnaut","Harnaut
MLA - Hari Narayan Singh (JDU)
Votes - 106954 (Kurmi)
Runner Up - Arun Kumar (INC)
Votes - 58619 (Bind)
2nd Runner Up - Kamlesh Paswan (JSP)
Votes - 7927 (Dusadh)"
"Nalanda","29. Nalanda","Asthawan","Asthawan
MLA - Jitendar Kumar (JDU)
Votes - 90542 (Kurmi)
Runner Up - Ravi Ranjan Kumar (RJD)
Votes - 49834 (Bhumihar)
2nd Runner Up - Lata Singh (JSP)
Votes - 15962 (Kurmi)"
"Nalanda","29. Nalanda","Biharsharif","Biharsharif
MLA - Dr Sunil Kumar (BJP)
Votes - 109304 (Kushwaha)
Runner Up - Omair Khan (INC)
Votes - 80136 (Minority)
2nd Runner Up - Manoj Kumar Tanti (Ind.)
Votes - 6315 ( Tanti)
3rd Runner Up- Dinesh Kumar (JSP)
Votes - 6044 ( Kushwaha )"
"Nalanda","29. Nalanda","Nalanda","Nalanda
MLA - Shrawon Kumar (JDU)
Votes - 105432 (Kurmi)
Runner Up - Kaushalendar Kumar (INC)
Votes - 72424 (Kurmi)
2nd Runner Up - Kumari Poonam Sinha (JSP)
Votes - 5206 (Kurmi)"
"Nalanda","29. Nalanda","Hilsa","Hilsa
MLA - Krishna Murari Sharan (JDU)
Votes - 96009 (Kurmi)
Runner Up - Atri Muni / Shakti Singh Yadav (RJD)
Votes - 79997 ( Yadav)
2nd Runner Up - Umesh Kumar Verma (JSP)
Votes - 4252 ( Sonar)"
"Nalanda","29. Nalanda","Rajgir (SC)","Rajgir (SC)
MLA - Kaushal Kishore (JDU)
Votes - 107811 (Ravidas)
Runner Up - Bishwanath Chaudhary (CPI-ML)
Votes - 52383 (Pasi)
2nd Runner Up - Satendra Kumar (JSP)
Votes - 9916 (Dusadh)"
"Nalanda","39. Nawada","Hisua","Hisua
MLA- Anil Singh (BJP)
Votes- 95885 (Bhumihar)
Runner Up- Nitu Kumari (INC)
Votes- 68036 (Bhumihar)
2nd Runner Up- Dharmendra Kumar (Ind.)
Votes- 27871 (Rajwar)
3rd Runner Up- Sury dev Prasad (JSP)
Votes- 5063 (Dangi)"
"Nalanda","39. Nawada","Warsaliganj","Warsaliganj

MLA- Anita (RJD)
Votes- 97833 (Kurmi)

Runner Up- Aruna Devi (BJP)
Votes- 90290 (Bhumihar)

3rd Runner Up- Umesh Prasad (JSP)
Votes- 1626 (Yadav)"
"Nalanda","39. Nawada","Nawada","Nawada
MLA- Vibha Devi ( JDU )
Votes - 87423 (Yadav)
Runner Up- Kaushal Yadav ( RJD )
Votes - 59829 (Yadav)
2nd Runner Up- Anuj Singh ( JSP )
Votes - 19349 (Bhumihar)
3rd Runner Up- Nasima Khatoon ( AIMIM )
Votes - 12835 (Minority)"
"Nalanda","39. Nawada","Gobindpur","238-Gobindpur
MLA- Binita Mehta (LJP-R)
Votes - 72581 (+22906) (Kushwaha)
Runner Up- Purnima Yadav (RJD)
Votes - 49675 (Yadav)
2nd Runner Up- MD Kamran (Ind.)
Votes - 39183 (Minority)
3rd Runner Up- Poonam Kumari (JSP)
Votes - 3917 (Teli)"
"Nalanda","39. Nawada","Rajauli (SC)","Rajauli (SC)

MLA- Vimal Rajbanshi (LJP-R)
Votes- 90272 (Rajwar)

Runner Up- Pinki Bharti (RJD)
Votes- 86319 (Pasi)

2nd Runner Up- Akhilesh Kumar(BSP)
Votes- 3832 (Pasi)

3rd Runner Up- Naresh Chaudhary (JSP)
Votes- 3321 (Pasi)"
"Sahabad","33. Buxar","Brahampur","Brahampur
MLA - Shambhu Nath Yadav ( RJD )
Caste- Yadav
Votes - 95828
Runner Up - Hulas Pande ( LJP )
Caste- Bhumiar
Votes - 92608
2nd Runner Up - Mahavir Yadav ( BSP )
Caste- Yadav
Votes - 4599
3rd Runner Up- Manish Bhushan Ojha ( IND )
Caste- Brahmin Votes - 2751"
"Munger","28. Munger","Munger","Munger
MLA - Kumar Pranay (BJP)
Votes - 108028 (Baniya) (Teli)
Runner Up - Avinash Kumar Vidyarthi (RJD)
Votes - 89278 (Yadav)
2nd Runner Up - Monazir Hassan (AIMIM)
Votes - 3598 (Minority)
4rd Runner Up- Sanjay Kumar Singh (JSP)
Votes - 1809 (Dhanuk)"
"Patna","31. Pataliputra","Danapur","Danapur
MLA - Ram Kirpal Yadav (BJP)
Votes - 119877 (Yadav)
Runner Up - Rit Lal Yadav (RJD)
Votes - 90744 (Yadav)
2nd Runner Up - Shailesh K.R Dhiraj (Ind.)
Votes - 2786 (Yadav)"
