"zone","loksabha"
"1. Valmiki Nagar","Winner: Sunil Kumar (JDU) 5,23,422 | Runner-up: Deepak Yadav (RJD) 4,24,747 | 2nd: Shaifi Mohammad Miya (ASP-KR) 13,432"
"",""
"",""
"",""
"",""
"",""
"2. Paschim Champaran","Winner: Dr. Sanjay Jaiswal (BJP) 5,80,421 | Runner-up: Madan Mohan Tiwari (INC) 4,43,953 | 2nd: Dilip Verma (IND) 19,451"
"",""
"",""
"",""
"",""
"",""
"3. Purvi Champaran","Winner: Radha Mohan Singh (BJP) 5,42,193 | Runner-up: Dr. Rajesh Kumar (VIP) 4,53,865 | 2nd: Umesh Shah (BSP) 17,914"
"",""
"",""
"",""
"",""
"",""
"4. Sheohar","Winner: Lovely Anand (JDU) 4,76,612 | Runner-up: Ritu Jaiswal (RJD) 4,47,469 | 2nd: Yogendra Ram (IND) 15,106"
"",""
"",""
"",""
"",""
"",""
"5. Sitamarhi","Winner: Devesh Chandra Thakur (JDU) 5,15,719 | Runner-up: Arjun Rai (RJD) 4,64,463 | 2nd: Ramesh Kumar Mehto (IND) 15,861"
"",""
"",""
"",""
"",""
"",""
"6. Madhubani","Winner: Ashok Kumar Yadav (BJP) 5,53,428 | Runner-up: Ali Ashraf Fatmi (RJD) 4,01,483 | 2nd: Dharmendra Kumar (IND) 22,031"
"",""
"",""
"",""
"",""
"",""
"7. Jhanjharpur","Winner: Ramprit Mandal (JDU) 5,33,032 | Runner-up: Suman Kumar Mahaseth (VIP) 3,48,863 | 2nd: Gulab Yadav (BSP) 1,91,154"
"",""
"",""
"",""
"",""
"",""
"8. Supaul","Winner: Dileshwar Kamait (JDU) 5,95,038 | Runner-up: Chandrahas Chaupal (RJD) 4,25,235 | 2nd: Narendra Kumar (IND) 21,348"
"",""
"",""
"",""
"",""
"",""
"9. Araria","Winner: Pradeep Kumar Singh (BJP) 6,00,146 | Runner-up: M. Shahnawaz Alam (RJD) 5,80,052 | 2nd: Shatrughan Pd Suman (IND) 23,204"
"",""
"",""
"",""
"",""
"",""
"10. Kishanganj","Winner: Mohammad Jawed (INC) 4,02,850 | Runner-up: Mujahid Alam (JDU) 3,43,158 | 2nd: Akhtarul Iman (AIMIM) 3,09,264"
"",""
"",""
"",""
"",""
"",""
"11. Katihar","Winner: Tariq Anwar (INC) 5,67,092 | Runner-up: Dulal Chandra Goswami (JDU) 5,17,229 | 2nd: Gopal Pd. Mahto (IND) 16,984"
"",""
"",""
"",""
"",""
"",""
"12. Purnia","Winner: Rajesh Ranjan @ Pappu Yadav (IND) 5,67,556 | Runner-up: Santosh Kushwaha (JDU) 5,43,709 | 2nd: Bima Bharti (RJD) 27,120"
"",""
"",""
"",""
"",""
"",""
"13. Madhepura","Winner: Dinesh Chandra Yadav (JDU) 6,40,649 | Runner-up: Kumar Chandradeep (RJD) 4,66,115 | 2nd: Mohan Sah (IND) 15,313"
"",""
"",""
"",""
"",""
"",""
"14. Darbhanga","Winner: Gopal Jee Thakur (BJP) 5,66,630 | Runner-up: Lalit Kumar Yadav (RJD) 3,88,474 | 2nd: Ram Narayan Mahato (IND) 14,249"
"",""
"",""
"",""
"",""
"",""
"15. Muzaffarpur","Winner: Raj Bhushan Nishad (BJP) 6,19,749 | Runner-up: Ajay Nishad (INC) 3,84,822 | 2nd: Ritesh Kumar (BSP) 15,224"
"",""
"",""
"",""
"",""
"",""
"16. Vaishali","Winner: Veena Devi (LJPRV) 5,67,043 | Runner-up: Vijay Kumar Shukla (RJD) 4,77,373 | 2nd: S.M. Jha (IND) 22,810"
"",""
"",""
"",""
"",""
"",""
"17. Gopalganj (SC)","Winner: Alok Kumar Suman (JDU) 5,18,445 | Runner-up: Prem Nath Chanchal (VIP) 2,49,265 | 2nd: Dinanath Majhi (BSP) 40,432"
"",""
"",""
"",""
"",""
"",""
"18. Siwan","Winner: Vijay Lakshmi Devi (JDU) 3,86,508 | Runner-up: Hena Shahab (IND) 2,93,651 | 2nd: Awadh Bihari Choudhary (RJD) 1,98,823"
"",""
"",""
"",""
"",""
"",""
"19. Maharajganj","Winner: Janardan Singh Sigriwal (BJP) 5,29,533 | Runner-up: Akash Prasad Singh (INC) 4,26,882 | 2nd: Madhu Singh (BSP) 14,082"
"",""
"",""
"",""
"",""
"",""
"20. Saran","Winner: Rajiv Pratap Rudy (BJP) 4,71,752 | Runner-up: Rohini Acharya (RJD) 4,58,091 | 2nd: Dhananjay Pd. Singh (IND) 15,108"
"",""
"",""
"",""
"",""
"",""
"21. Hajipur (SC)","Winner: Chirag Paswan (LJPRV) 6,15,718 | Runner-up: Shiv Chandra Ram (RJD) 4,45,613 | 2nd: Savitri Devi (BSP) 10,250"
"",""
"",""
"",""
"",""
"",""
"22. Ujiarpur","Winner: Nityanand Rai (BJP) 5,15,965 | Runner-up: Alok Kumar Mehta (RJD) 4,55,863 | 2nd: Vinay Kumar (BSP) 13,296"
"",""
"",""
"",""
"",""
"",""
"23. Samastipur (SC)","Winner: Shambhavi Choudhary (LJPRV) 5,79,786 | Runner-up: Sunny Hazari (INC) 3,92,535 | 2nd: Arvind Kumar Sahani (IND) 22,234"
"",""
"",""
"",""
"",""
"",""
"24. Begusarai","Winner: Giriraj Singh (BJP) 6,49,331 | Runner-up: Abdhus Samad (CPI) 5,67,851 | 2nd: Ravindra Kumar (IND) 13,858"
"",""
"",""
"",""
"",""
"",""
"",""
"25. Khagaria","Winner: Rajesh Verma (LJPRV) 5,37,862 | Runner-up: Sanjay Kumar (CPIM) 3,76,731 | 2nd: Devkant Roy (IND) 25,274"
"",""
"",""
"",""
"",""
"",""
"26. Bhagalpur","Winner: Ajay Kumar Mandal (JDU) 5,36,031 | Runner-up: Ajeet Sharma (INC) 4,31,163 | 2nd: Ranjeet Kumar (IND) 17,921"
"",""
"",""
"",""
"",""
"",""
"27. Banka","Winner: Giridhari Yadav (JDU) 4,76,677 | Runner-up: Jai Prakash N. Yadav (RJD) 3,72,833 | 2nd: Sitaram Yadav (BSP) 20,563"
"",""
"",""
"",""
"",""
"",""
"28. Munger","Winner: Rajiv Ranjan Singh (JDU) 5,51,767 | Runner-up: Kumari Anita (RJD) 4,70,897 | 2nd: Md. Kamran (IND) 10,751"
"",""
"",""
"",""
"",""
"",""
"29. Nalanda","Winner: Kaushalendra Kumar (JDU) 5,21,988 | Runner-up: Sandeep Saurav (CPIML) 3,52,874 | 2nd: Mohammad Imran (BSP) 13,832"
"",""
"",""
"",""
"",""
"",""
"",""
"30. Patna Sahib","Winner: Ravi Shankar Prasad (BJP) 5,88,270 | Runner-up: Anshul Avijit (INC) 4,34,424 | 2nd: Lallan Kumar (IND) 11,215"
"",""
"",""
"",""
"",""
"",""
"31. Pataliputra","Winner: Misa Bharti (RJD) 6,13,283 | Runner-up: Ram Kripal Yadav (BJP) 5,28,109 | 2nd: Raju Kumar (IND) 12,479"
"",""
"",""
"",""
"",""
"",""
"32. Arrah","Winner: Sudama Prasad (CPIML) 5,29,382 | Runner-up: R. K. Singh (BJP) 4,69,574 | 2nd: Sree Kumar Singh (IND) 13,313"
"",""
"",""
"",""
"",""
"",""
"",""
"33. Buxar","Winner: Sudhakar Singh (RJD) 4,38,345 | Runner-up: Mithilesh Tiwari (BJP) 4,08,254 | 2nd: Anand Mishra (IND) 95,033"
"",""
"",""
"",""
"",""
"",""
"34. Sasaram (SC)","Winner: Manoj Kumar (INC) 4,33,767 | Runner-up: Shivesh Ram (BJP) 4,14,610 | 2nd: Sushil Bhagat (BSP) 30,223"
"",""
"",""
"",""
"",""
"",""
"35. Karakat","Winner: Raja Ram Singh (CPIML) 3,80,581 | Runner-up: Pawan Singh (IND) 2,74,723 | 2nd: Upendra Kushwaha (RLM) 2,53,876"
"",""
"",""
"",""
"",""
"",""
"36. Jehanabad","Winner: Surendra Prasad Yadav (RJD) 4,43,035 | Runner-up: Chandeshwar Prasad (JDU) 3,00,444 | 2nd: Arun Kumar (IND) 1,81,960"
"",""
"",""
"",""
"",""
"",""
"37. Aurangabad","Winner: Abhay Kushwaha (RJD) 4,65,567 | Runner-up: Sushil Kumar Singh (BJP) 3,86,456 | 2nd: Suresh Singh (BSP) 12,319"
"",""
"",""
"",""
"",""
"",""
"38. Gaya (SC)","Winner: Jitan Ram Manjhi (HAM) 4,94,960 | Runner-up: Kumar Sarvjeet (RJD) 3,93,148 | 2nd: Sushila Devi (BSP) 14,756"
"",""
"",""
"",""
"",""
"",""
"39. Nawada","Winner: Vivek Thakur (BJP) 4,10,506 | Runner-up: Shravan Kumar (RJD) 3,42,836 | 2nd: Gunjan Kumar (IND) 61,544"
"",""
"",""
"",""
"",""
"",""
"40. Jamui (SC)","Winner: Arun Bharti (LJPRV) 5,09,047 | Runner-up: Archana Ravidas (RJD) 3,96,565 | 2nd: Sakaldeo Das (BSP) 25,622"
